starts,goals,Cost,Cost_var,Cost_mean,Cost_std,Computation time,Computation time_var,Computation time_mean,Computation time_std
"[(1, 0), (4, 0), (6, 0), (7, 0), (2, 0), (3, 21), (6, 21), (7, 21), (4, 21), (5, 21), (0, 21), (8, 21), (1, 21), (2, 21)]","[(3, 21), (2, 21), (6, 21), (5, 21), (1, 21), (8, 0), (1, 0), (5, 0), (7, 0), (3, 0), (4, 0), (0, 0), (2, 0), (6, 0)]",442,0.0,442.0,0.0,0.24564409299999998,0.0,0.24564409299999998,0.0
"[(4, 0), (7, 0), (3, 0), (8, 0), (6, 0), (0, 21), (2, 21), (4, 21), (8, 21), (5, 21), (6, 21), (3, 21), (7, 21), (1, 21)]","[(7, 21), (3, 21), (6, 21), (4, 21), (8, 21), (7, 0), (0, 0), (4, 0), (2, 0), (3, 0), (5, 0), (6, 0), (8, 0), (1, 0)]",429,1.4925373134328357,435.5,6.5,0.149796931,24.238042130904454,0.197720512,0.04792358099999999
"[(7, 0), (0, 0), (5, 0), (1, 0), (4, 0), (6, 21), (4, 21), (7, 21), (3, 21), (5, 21), (8, 21), (2, 21), (1, 21), (0, 21)]","[(7, 21), (8, 21), (2, 21), (1, 21), (4, 21), (8, 0), (0, 0), (5, 0), (3, 0), (1, 0), (4, 0), (2, 0), (7, 0), (6, 0)]",449,1.8833034688872807,440.0,8.286535263104035,0.198067104,19.778893982420996,0.19783604266666666,0.039129781138057165
"[(6, 0), (0, 0), (8, 0), (7, 0), (2, 0), (2, 21), (8, 21), (4, 21), (6, 21), (3, 21), (5, 21), (7, 21), (0, 21), (1, 21)]","[(0, 21), (3, 21), (2, 21), (6, 21), (4, 21), (4, 0), (8, 0), (3, 0), (0, 0), (7, 0), (5, 0), (2, 0), (1, 0), (6, 0)]",445,1.698772164369966,441.25,7.495832175282475,0.211193881,17.088300909949787,0.20117550225,0.0343774751815828
"[(8, 0), (4, 0), (6, 0), (1, 0), (7, 0), (1, 21), (2, 21), (7, 21), (4, 21), (5, 21), (0, 21), (6, 21), (8, 21), (3, 21)]","[(1, 21), (7, 21), (8, 21), (3, 21), (6, 21), (3, 0), (8, 0), (4, 0), (5, 0), (7, 0), (0, 0), (6, 0), (1, 0), (2, 0)]",437,1.5705373720064106,440.4,6.916646586316232,0.24730186199999998,17.04321029974454,0.21040077419999997,0.03585904641919665
"[(0, 0), (3, 0), (6, 0), (2, 0), (4, 0), (1, 21), (7, 21), (6, 21), (2, 21), (5, 21), (3, 21), (8, 21), (4, 21), (0, 21)]","[(6, 21), (4, 21), (2, 21), (8, 21), (1, 21), (6, 0), (2, 0), (8, 0), (0, 0), (5, 0), (1, 0), (4, 0), (3, 0), (7, 0)]",453,1.7782405475122978,442.5,7.868714422741918,0.25235382300000003,16.687237675500338,0.21739294899999997,0.03627687808940923
"[(6, 0), (8, 0), (2, 0), (4, 0), (0, 0), (3, 21), (8, 21), (1, 21), (5, 21), (4, 21), (2, 21), (7, 21), (6, 21), (0, 21)]","[(0, 21), (8, 21), (1, 21), (2, 21), (5, 21), (0, 0), (7, 0), (6, 0), (1, 0), (2, 0), (3, 0), (8, 0), (4, 0), (5, 0)]",439,1.6713230089008269,442.0,7.387247699341654,0.16741798800000002,18.00962457844425,0.21025366885714283,0.03786589642357678
"[(0, 0), (2, 0), (8, 0), (1, 0), (3, 0), (7, 21), (2, 21), (8, 21), (6, 21), (0, 21), (3, 21), (1, 21), (4, 21), (5, 21)]","[(0, 21), (4, 21), (8, 21), (6, 21), (7, 21), (0, 0), (3, 0), (2, 0), (1, 0), (6, 0), (4, 0), (7, 0), (5, 0), (8, 0)]",,1.6713230089008269,442.0,7.387247699341654,1.087516063,91.3632204659738,0.319911468125,0.2922814199189772
"[(7, 0), (6, 0), (1, 0), (2, 0), (3, 0), (8, 21), (3, 21), (4, 21), (1, 21), (6, 21), (5, 21), (0, 21), (2, 21), (7, 21)]","[(1, 21), (7, 21), (3, 21), (0, 21), (8, 21), (1, 0), (4, 0), (3, 0), (2, 0), (6, 0), (8, 0), (7, 0), (0, 0), (5, 0)]",443,1.5647265029145276,442.125,6.918047051010856,0.413307811,83.90363411827073,0.33028883955555555,0.2771243394741756
"[(1, 0), (6, 0), (0, 0), (5, 0), (3, 0), (3, 21), (4, 21), (0, 21), (5, 21), (7, 21), (2, 21), (6, 21), (8, 21), (1, 21)]","[(4, 21), (1, 21), (6, 21), (5, 21), (7, 21), (7, 0), (4, 0), (5, 0), (6, 0), (3, 0), (8, 0), (0, 0), (2, 0), (1, 0)]",457,1.8082593976232137,443.77777777777777,8.024653371230128,0.29993595200000006,80.38442331890339,0.3272535508,0.26306087960121455
"[(6, 0), (7, 0), (8, 0), (2, 0), (5, 0), (0, 21), (2, 21), (5, 21), (3, 21), (1, 21), (4, 21), (7, 21), (6, 21), (8, 21)]","[(6, 21), (0, 21), (2, 21), (4, 21), (5, 21), (6, 0), (5, 0), (1, 0), (8, 0), (7, 0), (0, 0), (4, 0), (2, 0), (3, 0)]",458,1.9602357798087537,445.2,8.726969691708572,0.270381144,78.0391270580762,0.322083332,0.2513510206923654
"[(2, 0), (6, 0), (0, 0), (4, 0), (3, 0), (0, 21), (8, 21), (3, 21), (5, 21), (7, 21), (2, 21), (1, 21), (6, 21), (4, 21)]","[(2, 21), (0, 21), (8, 21), (4, 21), (3, 21), (2, 0), (4, 0), (6, 0), (7, 0), (8, 0), (1, 0), (0, 0), (5, 0), (3, 0)]",422,2.4067096099491474,443.09090909090907,10.663911489901949,0.11449303300000002,81.1706641865707,0.3047841404166667,0.24739531111153865
"[(4, 0), (1, 0), (8, 0), (6, 0), (5, 0), (5, 21), (0, 21), (2, 21), (4, 21), (6, 21), (7, 21), (8, 21), (3, 21), (1, 21)]","[(4, 21), (7, 21), (1, 21), (2, 21), (5, 21), (5, 0), (2, 0), (3, 0), (8, 0), (0, 0), (1, 0), (7, 0), (6, 0), (4, 0)]",452,2.3663488928558993,443.8333333333333,10.502645169458766,0.30420738400000014,77.99762161552671,0.30473977453846157,0.23768977625651846
"[(5, 0), (4, 0), (8, 0), (1, 0), (0, 0), (5, 21), (7, 21), (0, 21), (3, 21), (2, 21), (1, 21), (8, 21), (6, 21), (4, 21)]","[(7, 21), (2, 21), (6, 21), (0, 21), (4, 21), (4, 0), (0, 0), (2, 0), (6, 0), (1, 0), (8, 0), (3, 0), (5, 0), (7, 0)]",439,2.293880347589459,443.46153846153845,10.172477079887102,0.305160342,75.15298883916266,0.3047698150714286,0.2290436251057674
"[(1, 0), (3, 0), (6, 0), (4, 0), (8, 0), (5, 21), (8, 21), (2, 21), (1, 21), (4, 21), (6, 21), (0, 21), (7, 21), (3, 21)]","[(6, 21), (1, 21), (3, 21), (7, 21), (5, 21), (7, 0), (3, 0), (5, 0), (1, 0), (2, 0), (8, 0), (6, 0), (4, 0), (0, 0)]",448,2.224470745799547,443.7857142857143,9.871883388323276,0.360135376,71.87548264893962,0.30846085246666666,0.22170772649345025
"[(8, 0), (4, 0), (6, 0), (2, 0), (0, 0), (8, 21), (4, 21), (0, 21), (5, 21), (2, 21), (3, 21), (1, 21), (7, 21), (6, 21)]","[(0, 21), (4, 21), (8, 21), (6, 21), (5, 21), (3, 0), (7, 0), (0, 0), (8, 0), (2, 0), (1, 0), (6, 0), (4, 0), (5, 0)]",451,2.1845977227337268,444.26666666666665,9.705439482865037,0.2708013,70.19145583213269,0.30610713043750004,0.21486105126004665
"[(6, 0), (0, 0), (8, 0), (5, 0), (1, 0), (2, 21), (1, 21), (5, 21), (3, 21), (6, 21), (0, 21), (4, 21), (8, 21), (7, 21)]","[(6, 21), (4, 21), (2, 21), (3, 21), (8, 21), (1, 0), (0, 0), (6, 0), (5, 0), (7, 0), (3, 0), (8, 0), (4, 0), (2, 0)]",,2.1845977227337268,444.26666666666665,9.705439482865037,1.154593674,81.07175603292627,0.3560181035882353,0.2886301283741049
"[(6, 0), (1, 0), (4, 0), (2, 0), (3, 0), (7, 21), (1, 21), (4, 21), (8, 21), (5, 21), (0, 21), (2, 21), (3, 21), (6, 21)]","[(6, 21), (3, 21), (8, 21), (4, 21), (2, 21), (8, 0), (1, 0), (5, 0), (7, 0), (4, 0), (2, 0), (6, 0), (0, 0), (3, 0)]",432,2.222142428909473,443.5,9.855201672213513,0.23342630499999995,80.72570600968753,0.34920744811111115,0.2819001779261077
"[(5, 0), (0, 0), (1, 0), (7, 0), (3, 0), (4, 21), (2, 21), (3, 21), (0, 21), (6, 21), (5, 21), (7, 21), (8, 21), (1, 21)]","[(7, 21), (8, 21), (4, 21), (2, 21), (3, 21), (7, 0), (8, 0), (0, 0), (5, 0), (2, 0), (6, 0), (4, 0), (3, 0), (1, 0)]",454,2.2235093173826646,444.11764705882354,9.874997262493599,0.28083844000000013,79.51349938393825,0.3456090792631579,0.2748058731107457
"[(4, 0), (5, 0), (1, 0), (3, 0), (8, 0), (3, 21), (5, 21), (6, 21), (7, 21), (8, 21), (2, 21), (0, 21), (1, 21), (4, 21)]","[(5, 21), (7, 21), (6, 21), (2, 21), (1, 21), (3, 0), (4, 0), (2, 0), (0, 0), (1, 0), (7, 0), (8, 0), (5, 0), (6, 0)]",453,2.206440409556413,444.6111111111111,9.810079220933318,0.21766373900000002,79.38852278545053,0.33921181225,0.26929524685903095
"[(6, 0), (7, 0), (5, 0), (4, 0), (8, 0), (0, 21), (7, 21), (3, 21), (8, 21), (2, 21), (6, 21), (4, 21), (5, 21), (1, 21)]","[(7, 21), (2, 21), (5, 21), (6, 21), (0, 21), (4, 0), (3, 0), (2, 0), (1, 0), (0, 0), (5, 0), (8, 0), (6, 0), (7, 0)]",448,2.1534612549667163,444.7894736842105,9.578368981959853,0.273214057,78.31152507081252,0.33606906200000003,0.2631808077433745
"[(8, 0), (2, 0), (0, 0), (5, 0), (3, 0), (4, 21), (1, 21), (5, 21), (3, 21), (2, 21), (6, 21), (0, 21), (8, 21), (7, 21)]","[(0, 21), (8, 21), (6, 21), (7, 21), (2, 21), (4, 0), (8, 0), (0, 0), (7, 0), (3, 0), (6, 0), (5, 0), (1, 0), (2, 0)]",459,2.2078917590242426,445.5,9.836157786453,0.260637185,77.44384946146798,0.33264034031818185,0.2576094844041275
"[(8, 0), (1, 0), (5, 0), (3, 0), (2, 0), (3, 21), (1, 21), (5, 21), (7, 21), (4, 21), (6, 21), (8, 21), (2, 21), (0, 21)]","[(2, 21), (1, 21), (0, 21), (4, 21), (7, 21), (6, 0), (4, 0), (7, 0), (1, 0), (2, 0), (5, 0), (0, 0), (3, 0), (8, 0)]",442,2.161976382566315,445.3333333333333,9.62800149036199,0.16553066399999994,78.13803144711171,0.32537470221739134,0.25424138713957134
"[(1, 0), (2, 0), (4, 0), (5, 0), (0, 0), (0, 21), (7, 21), (2, 21), (6, 21), (5, 21), (1, 21), (3, 21), (4, 21), (8, 21)]","[(1, 21), (3, 21), (0, 21), (8, 21), (7, 21), (2, 0), (6, 0), (5, 0), (3, 0), (4, 0), (7, 0), (8, 0), (1, 0), (0, 0)]",442,2.1187363278316855,445.1818181818182,9.432228906719786,0.22090487700000005,77.80228671451374,0.3210217928333334,0.24976229567626235
"[(3, 0), (0, 0), (2, 0), (6, 0), (4, 0), (2, 21), (3, 21), (0, 21), (5, 21), (7, 21), (8, 21), (6, 21), (1, 21), (4, 21)]","[(7, 21), (5, 21), (6, 21), (0, 21), (1, 21), (2, 0), (5, 0), (3, 0), (7, 0), (1, 0), (8, 0), (6, 0), (4, 0), (0, 0)]",441,2.0818510083779516,445.0,9.264236987281885,0.20351513700000012,77.7048040531565,0.3163215266,0.2457970224224833
"[(0, 0), (5, 0), (7, 0), (2, 0), (6, 0), (0, 21), (7, 21), (5, 21), (6, 21), (8, 21), (2, 21), (1, 21), (4, 21), (3, 21)]","[(5, 21), (8, 21), (1, 21), (4, 21), (0, 21), (4, 0), (6, 0), (5, 0), (8, 0), (2, 0), (0, 0), (1, 0), (3, 0), (7, 0)]",446,2.0383214491395814,445.0416666666667,9.071379749274945,0.3405062110000001,75.98656647642773,0.3172517067692308,0.24106867906180315
"[(3, 0), (0, 0), (2, 0), (1, 0), (7, 0), (8, 21), (2, 21), (3, 21), (4, 21), (7, 21), (6, 21), (1, 21), (5, 21), (0, 21)]","[(8, 21), (7, 21), (6, 21), (1, 21), (2, 21), (5, 0), (7, 0), (6, 0), (4, 0), (8, 0), (2, 0), (3, 0), (1, 0), (0, 0)]",449,2.0040168933688647,445.2,8.921883209278185,0.2683486479999999,75.05141143942407,0.3154404823703704,0.23674253427029068
"[(7, 0), (5, 0), (3, 0), (6, 0), (0, 0), (4, 21), (5, 21), (6, 21), (3, 21), (0, 21), (7, 21), (1, 21), (8, 21), (2, 21)]","[(7, 21), (3, 21), (0, 21), (2, 21), (4, 21), (2, 0), (5, 0), (1, 0), (6, 0), (0, 0), (8, 0), (3, 0), (7, 0), (4, 0)]",438,1.990797565660383,444.9230769230769,8.857517784445887,0.20996345100000002,74.85371406874812,0.31167344553571436,0.23329914974951899
"[(8, 0), (2, 0), (0, 0), (7, 0), (6, 0), (8, 21), (5, 21), (0, 21), (4, 21), (6, 21), (3, 21), (7, 21), (1, 21), (2, 21)]","[(4, 21), (6, 21), (5, 21), (0, 21), (3, 21), (7, 0), (0, 0), (6, 0), (5, 0), (1, 0), (8, 0), (4, 0), (2, 0), (3, 0)]",452,1.9753786927400798,445.18518518518516,8.794093291383614,0.28080094,73.82617912286274,0.31060887637931045,0.229310665447301
"[(1, 0), (7, 0), (6, 0), (4, 0), (2, 0), (7, 21), (6, 21), (2, 21), (1, 21), (4, 21), (8, 21), (0, 21), (3, 21), (5, 21)]","[(8, 21), (2, 21), (0, 21), (7, 21), (4, 21), (5, 0), (6, 0), (7, 0), (4, 0), (1, 0), (0, 0), (3, 0), (2, 0), (8, 0)]",448,1.9428902057927189,445.2857142857143,8.651412530651292,0.2658865920000001,72.98158415053783,0.30911813356666673,0.2255993107735288
"[(2, 0), (5, 0), (3, 0), (6, 0), (4, 0), (3, 21), (2, 21), (6, 21), (5, 21), (4, 21), (8, 21), (0, 21), (1, 21), (7, 21)]","[(2, 21), (8, 21), (5, 21), (6, 21), (0, 21), (2, 0), (0, 0), (8, 0), (7, 0), (1, 0), (3, 0), (5, 0), (4, 0), (6, 0)]",439,1.9273334578766308,445.0689655172414,8.577963083039199,0.28818874699999997,71.96194965355313,0.30844299206451614,0.22196159065938
"[(7, 0), (0, 0), (6, 0), (2, 0), (4, 0), (1, 21), (8, 21), (3, 21), (2, 21), (7, 21), (0, 21), (5, 21), (4, 21), (6, 21)]","[(7, 21), (3, 21), (6, 21), (2, 21), (4, 21), (3, 0), (5, 0), (2, 0), (6, 0), (8, 0), (1, 0), (0, 0), (7, 0), (4, 0)]",430,1.9922657785100755,444.56666666666666,8.856949562662958,0.1905738239999999,71.99983937502765,0.3047595805625,0.21942640848500802
"[(3, 0), (5, 0), (0, 0), (1, 0), (7, 0), (5, 21), (6, 21), (4, 21), (0, 21), (2, 21), (7, 21), (1, 21), (8, 21), (3, 21)]","[(4, 21), (0, 21), (1, 21), (5, 21), (7, 21), (0, 0), (4, 0), (6, 0), (7, 0), (8, 0), (1, 0), (3, 0), (5, 0), (2, 0)]",,1.9922657785100755,444.56666666666666,8.856949562662958,1.188015672,79.58469773982758,0.3315249166666667,0.26384310286138196
"[(2, 0), (3, 0), (5, 0), (1, 0), (4, 0), (1, 21), (2, 21), (3, 21), (0, 21), (7, 21), (8, 21), (5, 21), (4, 21), (6, 21)]","[(6, 21), (4, 21), (5, 21), (0, 21), (3, 21), (8, 0), (4, 0), (7, 0), (5, 0), (2, 0), (6, 0), (0, 0), (1, 0), (3, 0)]",449,1.9671403620775643,444.7096774193548,8.748063558581064,0.25208920700000004,79.0672533346178,0.32918857226470594,0.26028036238114644
"[(5, 0), (4, 0), (6, 0), (7, 0), (0, 0), (3, 21), (5, 21), (7, 21), (6, 21), (0, 21), (1, 21), (4, 21), (2, 21), (8, 21)]","[(8, 21), (6, 21), (0, 21), (2, 21), (4, 21), (4, 0), (5, 0), (1, 0), (6, 0), (3, 0), (8, 0), (0, 0), (7, 0), (2, 0)]",449,1.9428368944201246,444.84375,8.642588497522024,0.29973419700000004,78.14356113284212,0.3283470186857143,0.2565820532745357
"[(8, 0), (6, 0), (0, 0), (4, 0), (1, 0), (8, 21), (5, 21), (4, 21), (3, 21), (6, 21), (0, 21), (7, 21), (1, 21), (2, 21)]","[(1, 21), (5, 21), (2, 21), (7, 21), (6, 21), (3, 0), (6, 0), (4, 0), (5, 0), (1, 0), (7, 0), (0, 0), (2, 0), (8, 0)]",453,1.937741899138705,445.09090909090907,8.624713034711908,0.3679963609999999,76.81846906055141,0.3294483893055556,0.2530772090091732
"[(5, 0), (3, 0), (7, 0), (6, 0), (2, 0), (2, 21), (3, 21), (5, 21), (7, 21), (1, 21), (8, 21), (0, 21), (6, 21), (4, 21)]","[(3, 21), (0, 21), (5, 21), (7, 21), (4, 21), (0, 0), (8, 0), (3, 0), (2, 0), (4, 0), (7, 0), (5, 0), (1, 0), (6, 0)]",444,1.909619782817855,445.05882352941177,8.498931339294053,0.30581265699999993,75.92942981806985,0.3288095857297298,0.2496632436317414
"[(2, 0), (6, 0), (3, 0), (5, 0), (8, 0), (5, 21), (7, 21), (4, 21), (2, 21), (6, 21), (3, 21), (8, 21), (0, 21), (1, 21)]","[(3, 21), (0, 21), (7, 21), (4, 21), (1, 21), (6, 0), (4, 0), (5, 0), (0, 0), (8, 0), (7, 0), (2, 0), (1, 0), (3, 0)]",448,1.8850032292154575,445.14285714285717,8.390957231764808,0.6171888860000001,74.50800440745344,0.3363985146842106,0.25064382014751957
"[(2, 0), (3, 0), (1, 0), (5, 0), (8, 0), (4, 21), (1, 21), (0, 21), (6, 21), (5, 21), (2, 21), (7, 21), (8, 21), (3, 21)]","[(5, 21), (7, 21), (2, 21), (4, 21), (6, 21), (8, 0), (1, 0), (7, 0), (6, 0), (0, 0), (2, 0), (4, 0), (5, 0), (3, 0)]",435,1.897182867106297,444.8611111111111,8.439828782418706,0.16190052799999988,74.99972120982889,0.3319242073333334,0.24894223012793448
"[(7, 0), (6, 0), (3, 0), (2, 0), (5, 0), (1, 21), (6, 21), (5, 21), (3, 21), (4, 21), (0, 21), (2, 21), (7, 21), (8, 21)]","[(3, 21), (7, 21), (8, 21), (4, 21), (6, 21), (1, 0), (3, 0), (5, 0), (4, 0), (0, 0), (2, 0), (7, 0), (8, 0), (6, 0)]",436,1.900064372164157,444.6216216216216,8.44809702337096,0.19536959499999984,75.10678800518022,0.328510342025,0.24673356615980924
"[(7, 0), (8, 0), (5, 0), (6, 0), (0, 0), (6, 21), (1, 21), (7, 21), (8, 21), (5, 21), (2, 21), (4, 21), (3, 21), (0, 21)]","[(2, 21), (4, 21), (7, 21), (8, 21), (6, 21), (4, 0), (6, 0), (7, 0), (8, 0), (1, 0), (5, 0), (2, 0), (0, 0), (3, 0)]",449,1.88102404604076,444.7368421052632,8.365606941602328,0.556388511,73.7059153182462,0.33406834614634145,0.24622813231568802
"[(3, 0), (1, 0), (2, 0), (8, 0), (6, 0), (8, 21), (5, 21), (2, 21), (4, 21), (1, 21), (0, 21), (3, 21), (6, 21), (7, 21)]","[(5, 21), (2, 21), (6, 21), (1, 21), (4, 21), (8, 0), (6, 0), (0, 0), (5, 0), (4, 0), (7, 0), (2, 0), (3, 0), (1, 0)]",,1.88102404604076,444.7368421052632,8.365606941602328,1.1621284280000004,77.47201899275136,0.3537840623809524,0.27408365600109874
"[(6, 0), (4, 0), (2, 0), (8, 0), (3, 0), (1, 21), (8, 21), (2, 21), (5, 21), (6, 21), (7, 21), (4, 21), (3, 21), (0, 21)]","[(0, 21), (5, 21), (4, 21), (1, 21), (2, 21), (1, 0), (4, 0), (8, 0), (2, 0), (6, 0), (7, 0), (3, 0), (0, 0), (5, 0)]",448,1.8600202236332186,444.8205128205128,8.273751497330533,0.2222730770000001,77.44003491830047,0.35072566737209304,0.2716020792803912
"[(2, 0), (7, 0), (4, 0), (6, 0), (3, 0), (3, 21), (8, 21), (0, 21), (7, 21), (6, 21), (4, 21), (1, 21), (5, 21), (2, 21)]","[(7, 21), (5, 21), (0, 21), (4, 21), (2, 21), (5, 0), (2, 0), (8, 0), (7, 0), (1, 0), (0, 0), (3, 0), (6, 0), (4, 0)]",445,1.8366150885228874,444.825,8.169723067521934,0.2963524820000001,76.86064672680622,0.34948991315909095,0.26862020749903076
"[(0, 0), (3, 0), (4, 0), (5, 0), (2, 0), (0, 21), (3, 21), (4, 21), (1, 21), (8, 21), (5, 21), (6, 21), (7, 21), (2, 21)]","[(6, 21), (3, 21), (0, 21), (8, 21), (7, 21), (3, 0), (2, 0), (4, 0), (6, 0), (0, 0), (7, 0), (5, 0), (8, 0), (1, 0)]",443,1.8153643627413478,444.780487804878,8.074386468036883,0.25721057300000005,76.55059959168635,0.34743926115555557,0.2659668376315028
"[(0, 0), (8, 0), (6, 0), (4, 0), (1, 0), (4, 21), (5, 21), (6, 21), (3, 21), (7, 21), (1, 21), (2, 21), (0, 21), (8, 21)]","[(2, 21), (4, 21), (1, 21), (8, 21), (7, 21), (8, 0), (3, 0), (7, 0), (1, 0), (2, 0), (6, 0), (5, 0), (0, 0), (4, 0)]",454,1.820350219269697,445.0,8.100558475750152,0.2921909949999999,76.0122228843383,0.3462382118913044,0.2631833613335658
"[(2, 0), (8, 0), (5, 0), (7, 0), (4, 0), (1, 21), (7, 21), (4, 21), (6, 21), (5, 21), (8, 21), (0, 21), (3, 21), (2, 21)]","[(5, 21), (2, 21), (6, 21), (1, 21), (3, 21), (5, 0), (7, 0), (6, 0), (0, 0), (4, 0), (2, 0), (8, 0), (1, 0), (3, 0)]",453,1.8185872580749491,445.1860465116279,8.096096716588082,0.5287039260000002,74.74470084973306,0.3501204611276596,0.2616964912835751
"[(7, 0), (2, 0), (5, 0), (8, 0), (3, 0), (1, 21), (3, 21), (5, 21), (6, 21), (2, 21), (8, 21), (7, 21), (0, 21), (4, 21)]","[(2, 21), (3, 21), (1, 21), (7, 21), (4, 21), (6, 0), (8, 0), (0, 0), (7, 0), (1, 0), (3, 0), (2, 0), (5, 0), (4, 0)]",450,1.8045676853990469,445.29545454545456,8.035657877278075,0.27280188800000005,74.37139576568651,0.3485096575208333,0.2591914966764576
"[(0, 0), (5, 0), (1, 0), (8, 0), (6, 0), (2, 21), (6, 21), (3, 21), (0, 21), (7, 21), (4, 21), (5, 21), (1, 21), (8, 21)]","[(3, 21), (5, 21), (1, 21), (4, 21), (8, 21), (0, 0), (6, 0), (7, 0), (8, 0), (5, 0), (3, 0), (2, 0), (4, 0), (1, 0)]",437,1.8061578120171764,445.1111111111111,8.039409105489787,0.1767235989999998,74.6891336733427,0.3450038195918367,0.25768036399308497
"[(6, 0), (0, 0), (2, 0), (8, 0), (5, 0), (5, 21), (8, 21), (3, 21), (7, 21), (6, 21), (1, 21), (0, 21), (4, 21), (2, 21)]","[(6, 21), (0, 21), (7, 21), (5, 21), (4, 21), (5, 0), (6, 0), (2, 0), (0, 0), (4, 0), (3, 0), (1, 0), (8, 0), (7, 0)]",439,1.7981393142119069,444.9782608695652,8.00132904839207,0.20588310899999973,74.75658157008769,0.3422214053799999,0.2558330240632001
"[(2, 0), (7, 0), (6, 0), (5, 0), (1, 0), (1, 21), (7, 21), (2, 21), (5, 21), (0, 21), (8, 21), (4, 21), (3, 21), (6, 21)]","[(6, 21), (0, 21), (7, 21), (4, 21), (3, 21), (4, 0), (2, 0), (0, 0), (6, 0), (1, 0), (3, 0), (7, 0), (5, 0), (8, 0)]",,1.7981393142119069,444.9782608695652,8.00132904839207,1.188977982,77.80845767547547,0.35882447550980384,0.27919579015629253
"[(2, 0), (1, 0), (4, 0), (5, 0), (0, 0), (1, 21), (0, 21), (5, 21), (2, 21), (3, 21), (8, 21), (7, 21), (6, 21), (4, 21)]","[(2, 21), (0, 21), (7, 21), (8, 21), (5, 21), (4, 0), (3, 0), (2, 0), (1, 0), (6, 0), (0, 0), (8, 0), (5, 0), (7, 0)]",435,1.8089622782830197,444.7659574468085,8.045648396857073,0.2046688170000004,77.92602590866169,0.3558599436153846,0.27730751186027347
"[(4, 0), (3, 0), (7, 0), (0, 0), (5, 0), (5, 21), (8, 21), (7, 21), (6, 21), (2, 21), (3, 21), (4, 21), (1, 21), (0, 21)]","[(3, 21), (4, 21), (1, 21), (5, 21), (0, 21), (2, 0), (7, 0), (8, 0), (4, 0), (5, 0), (3, 0), (1, 0), (6, 0), (0, 0)]",426,1.890398608570363,444.375,8.40045881683455,0.1160812309999999,78.7308151232385,0.35133581696226407,0.2766095525142797
"[(0, 0), (8, 0), (3, 0), (6, 0), (7, 0), (6, 21), (7, 21), (2, 21), (8, 21), (5, 21), (0, 21), (3, 21), (4, 21), (1, 21)]","[(1, 21), (2, 21), (8, 21), (5, 21), (6, 21), (1, 0), (5, 0), (4, 0), (7, 0), (6, 0), (2, 0), (8, 0), (0, 0), (3, 0)]",433,1.9066902972375592,444.14285714285717,8.468428763016531,0.16294823999999997,79.11831456040514,0.3478471581296296,0.2752108087584302
"[(1, 0), (4, 0), (7, 0), (6, 0), (0, 0), (4, 21), (1, 21), (0, 21), (2, 21), (6, 21), (3, 21), (8, 21), (5, 21), (7, 21)]","[(8, 21), (3, 21), (1, 21), (5, 21), (7, 21), (1, 0), (4, 0), (7, 0), (8, 0), (6, 0), (3, 0), (2, 0), (0, 0), (5, 0)]",449,1.8933122040767594,444.24,8.410850135390596,0.18007812000000012,79.35604749759216,0.3447968119818181,0.2736171218864751
"[(5, 0), (1, 0), (0, 0), (2, 0), (4, 0), (0, 21), (6, 21), (5, 21), (3, 21), (4, 21), (2, 21), (7, 21), (1, 21), (8, 21)]","[(0, 21), (7, 21), (8, 21), (6, 21), (3, 21), (0, 0), (1, 0), (3, 0), (4, 0), (6, 0), (2, 0), (7, 0), (8, 0), (5, 0)]",432,1.9142195729896145,444.0,8.499134904073887,0.128815629,79.97520783316743,0.3409400051428571,0.2726674776994117
"[(3, 0), (7, 0), (8, 0), (5, 0), (4, 0), (1, 21), (8, 21), (6, 21), (2, 21), (0, 21), (7, 21), (3, 21), (4, 21), (5, 21)]","[(2, 21), (5, 21), (8, 21), (3, 21), (4, 21), (1, 0), (4, 0), (8, 0), (0, 0), (5, 0), (2, 0), (3, 0), (7, 0), (6, 0)]",440,1.9000866625365167,443.9230769230769,8.434923176537106,0.29122658700000015,79.49704093611456,0.3400678399122807,0.2703438699056263
"[(4, 0), (7, 0), (3, 0), (2, 0), (8, 0), (2, 21), (3, 21), (5, 21), (4, 21), (7, 21), (0, 21), (1, 21), (8, 21), (6, 21)]","[(0, 21), (4, 21), (3, 21), (6, 21), (8, 21), (6, 0), (4, 0), (3, 0), (7, 0), (8, 0), (0, 0), (1, 0), (2, 0), (5, 0)]",444,1.8820712792888976,443.92452830188677,8.354976048888524,0.22300315400000015,79.40732415074099,0.33804948325862066,0.2684360489610778
"[(5, 0), (1, 0), (0, 0), (2, 0), (3, 0), (8, 21), (4, 21), (6, 21), (2, 21), (1, 21), (3, 21), (0, 21), (7, 21), (5, 21)]","[(2, 21), (0, 21), (8, 21), (4, 21), (7, 21), (7, 0), (6, 0), (1, 0), (4, 0), (0, 0), (8, 0), (5, 0), (3, 0), (2, 0)]",449,1.8705274921673232,444.01851851851853,8.305488459202946,0.25864144899999975,79.1048151507453,0.33670358437288134,0.2663487480241015
"[(6, 0), (0, 0), (4, 0), (8, 0), (1, 0), (7, 21), (2, 21), (4, 21), (6, 21), (8, 21), (5, 21), (1, 21), (3, 21), (0, 21)]","[(7, 21), (4, 21), (2, 21), (0, 21), (8, 21), (4, 0), (3, 0), (0, 0), (7, 0), (6, 0), (8, 0), (2, 0), (5, 0), (1, 0)]",441,1.8558983375016331,443.96363636363634,8.239513746384523,0.196229824,79.17499056475727,0.3343623550333333,0.2647313630497418
"[(1, 0), (2, 0), (3, 0), (7, 0), (6, 0), (1, 21), (7, 21), (2, 21), (5, 21), (3, 21), (6, 21), (0, 21), (8, 21), (4, 21)]","[(2, 21), (1, 21), (5, 21), (7, 21), (0, 21), (6, 0), (5, 0), (2, 0), (3, 0), (0, 0), (1, 0), (8, 0), (7, 0), (4, 0)]",,1.8558983375016331,443.96363636363634,8.239513746384523,1.194770881,81.60826052519755,0.3484674128360655,0.28437819411267207
"[(7, 0), (3, 0), (8, 0), (2, 0), (0, 0), (5, 21), (0, 21), (3, 21), (4, 21), (6, 21), (8, 21), (7, 21), (2, 21), (1, 21)]","[(7, 21), (5, 21), (3, 21), (1, 21), (2, 21), (1, 0), (6, 0), (5, 0), (8, 0), (0, 0), (7, 0), (4, 0), (3, 0), (2, 0)]",445,1.839436281721123,443.98214285714283,8.166768620077193,0.3112736089999997,81.09823381379049,0.34786751277419353,0.282114408871833
"[(6, 0), (8, 0), (1, 0), (2, 0), (7, 0), (1, 21), (8, 21), (3, 21), (7, 21), (0, 21), (2, 21), (4, 21), (6, 21), (5, 21)]","[(8, 21), (0, 21), (1, 21), (4, 21), (2, 21), (2, 0), (0, 0), (6, 0), (4, 0), (8, 0), (3, 0), (1, 0), (7, 0), (5, 0)]",442,1.8243142422201635,443.94736842105266,8.098995070066884,0.28161345199999976,80.73129271450074,0.346815861015873,0.2799889279370405
"[(8, 0), (7, 0), (5, 0), (2, 0), (3, 0), (2, 21), (3, 21), (6, 21), (5, 21), (4, 21), (0, 21), (1, 21), (8, 21), (7, 21)]","[(6, 21), (7, 21), (1, 21), (4, 21), (5, 21), (7, 0), (0, 0), (4, 0), (1, 0), (6, 0), (8, 0), (2, 0), (3, 0), (5, 0)]",436,1.8240325833376012,443.8103448275862,8.095245297878137,0.17054375199999994,80.98891643151381,0.34406160931249996,0.27865176923902213
"[(3, 0), (6, 0), (7, 0), (4, 0), (2, 0), (7, 21), (4, 21), (1, 21), (3, 21), (8, 21), (5, 21), (6, 21), (2, 21), (0, 21)]","[(1, 21), (6, 21), (5, 21), (4, 21), (7, 21), (7, 0), (8, 0), (1, 0), (0, 0), (3, 0), (6, 0), (2, 0), (4, 0), (5, 0)]",436,1.8232631765402674,443.6779661016949,8.089416978355013,0.17393871599999988,81.2113738026051,0.3414443340307692,0.2772916344375435
"[(5, 0), (2, 0), (8, 0), (3, 0), (1, 0), (0, 21), (7, 21), (6, 21), (2, 21), (3, 21), (8, 21), (1, 21), (5, 21), (4, 21)]","[(2, 21), (1, 21), (8, 21), (7, 21), (0, 21), (7, 0), (4, 0), (5, 0), (6, 0), (8, 0), (3, 0), (2, 0), (1, 0), (0, 0)]",448,1.8120070920884241,443.75,8.040781471142383,0.3001368790000001,80.75536113270218,0.34081846349999995,0.2752291810063517
"[(1, 0), (5, 0), (6, 0), (2, 0), (7, 0), (4, 21), (2, 21), (7, 21), (1, 21), (5, 21), (0, 21), (6, 21), (8, 21), (3, 21)]","[(2, 21), (1, 21), (6, 21), (0, 21), (4, 21), (1, 0), (6, 0), (3, 0), (2, 0), (0, 0), (7, 0), (4, 0), (5, 0), (8, 0)]",445,1.7973661516633543,443.7704918032787,7.976180610742132,1.0493477070000004,81.49235568638787,0.3513935268358208,0.2863588627479899
"[(8, 0), (7, 0), (6, 0), (3, 0), (2, 0), (1, 21), (0, 21), (7, 21), (4, 21), (2, 21), (5, 21), (8, 21), (6, 21), (3, 21)]","[(4, 21), (2, 21), (8, 21), (3, 21), (7, 21), (1, 0), (6, 0), (4, 0), (5, 0), (2, 0), (0, 0), (7, 0), (8, 0), (3, 0)]",437,1.7935831702910778,443.66129032258067,7.957434236322046,0.19440432600000035,81.6056456620573,0.349084862117647,0.2848729556396083
"[(2, 0), (4, 0), (1, 0), (3, 0), (0, 0), (5, 21), (7, 21), (0, 21), (2, 21), (3, 21), (1, 21), (8, 21), (4, 21), (6, 21)]","[(7, 21), (1, 21), (2, 21), (3, 21), (6, 21), (3, 0), (7, 0), (5, 0), (0, 0), (2, 0), (6, 0), (8, 0), (4, 0), (1, 0)]",441,1.7810398053400605,443.6190476190476,7.901031822165716,0.23330539399999983,81.50080686167638,0.34740689881159414,0.28313942562457683
"[(1, 0), (2, 0), (0, 0), (7, 0), (6, 0), (3, 21), (0, 21), (5, 21), (8, 21), (7, 21), (2, 21), (1, 21), (6, 21), (4, 21)]","[(5, 21), (2, 21), (7, 21), (8, 21), (3, 21), (4, 0), (1, 0), (5, 0), (6, 0), (2, 0), (7, 0), (0, 0), (8, 0), (3, 0)]",442,1.7677510516094552,443.59375,7.8416331804988175,0.21308107200000004,81.49670094537247,0.3454879584285714,0.2815612882828056
"[(3, 0), (4, 0), (0, 0), (8, 0), (7, 0), (7, 21), (0, 21), (6, 21), (8, 21), (5, 21), (2, 21), (4, 21), (3, 21), (1, 21)]","[(8, 21), (6, 21), (4, 21), (0, 21), (3, 21), (3, 0), (0, 0), (4, 0), (8, 0), (6, 0), (7, 0), (5, 0), (2, 0), (1, 0)]",449,1.760171977516044,443.67692307692306,7.8094768707054145,0.3304901560000002,80.97186963422047,0.3452767217746478,0.2795770170326779
"[(6, 0), (1, 0), (0, 0), (2, 0), (8, 0), (4, 21), (3, 21), (0, 21), (1, 21), (5, 21), (7, 21), (6, 21), (2, 21), (8, 21)]","[(7, 21), (4, 21), (8, 21), (2, 21), (5, 21), (3, 0), (6, 0), (2, 0), (1, 0), (7, 0), (5, 0), (8, 0), (0, 0), (4, 0)]",440,1.7499372530845447,443.6212121212121,7.7630928534943004,0.23954508200000024,80.83120436091596,0.3438082267777778,0.27790433039638696
"[(2, 0), (8, 0), (3, 0), (4, 0), (5, 0), (8, 21), (2, 21), (5, 21), (7, 21), (4, 21), (3, 21), (6, 21), (0, 21), (1, 21)]","[(2, 21), (0, 21), (3, 21), (8, 21), (1, 21), (3, 0), (7, 0), (1, 0), (2, 0), (6, 0), (5, 0), (4, 0), (8, 0), (0, 0)]",450,1.7451834804443789,443.7164179104478,7.743665625392678,0.2733258479999998,80.53718783873074,0.34284271473972605,0.276115881161337
"[(0, 0), (7, 0), (2, 0), (4, 0), (5, 0), (6, 21), (7, 21), (8, 21), (4, 21), (5, 21), (3, 21), (0, 21), (1, 21), (2, 21)]","[(4, 21), (8, 21), (3, 21), (0, 21), (7, 21), (1, 0), (3, 0), (4, 0), (5, 0), (8, 0), (6, 0), (7, 0), (0, 0), (2, 0)]",442,1.7330279978518757,443.69117647058823,7.689292312233667,0.30400763200000025,80.12450637935787,0.34231791632432435,0.2742805407029682
"[(2, 0), (4, 0), (7, 0), (1, 0), (5, 0), (2, 21), (0, 21), (7, 21), (1, 21), (5, 21), (8, 21), (4, 21), (6, 21), (3, 21)]","[(6, 21), (8, 21), (3, 21), (0, 21), (5, 21), (1, 0), (6, 0), (0, 0), (2, 0), (8, 0), (5, 0), (7, 0), (3, 0), (4, 0)]",,1.7330279978518757,443.69117647058823,7.689292312233667,1.2368178150000002,82.18150378328869,0.35424458164000006,0.2911235242625718
"[(7, 0), (1, 0), (8, 0), (3, 0), (6, 0), (3, 21), (1, 21), (2, 21), (8, 21), (5, 21), (0, 21), (4, 21), (6, 21), (7, 21)]","[(3, 21), (7, 21), (1, 21), (0, 21), (2, 21), (6, 0), (1, 0), (7, 0), (8, 0), (2, 0), (5, 0), (0, 0), (3, 0), (4, 0)]",448,1.7240916152347685,443.7536231884058,7.6507190096917945,0.2050906640000001,82.2355010765906,0.3522820300921053,0.2897008926490285
"[(8, 0), (1, 0), (0, 0), (4, 0), (7, 0), (2, 21), (3, 21), (8, 21), (6, 21), (1, 21), (0, 21), (5, 21), (4, 21), (7, 21)]","[(3, 21), (7, 21), (5, 21), (2, 21), (4, 21), (3, 0), (4, 0), (5, 0), (6, 0), (2, 0), (8, 0), (1, 0), (7, 0), (0, 0)]",450,1.7195173287346295,443.84285714285716,7.631954840922315,0.2854967249999998,81.92966495169718,0.3514146884675325,0.2879128768524998
"[(5, 0), (3, 0), (6, 0), (8, 0), (2, 0), (4, 21), (2, 21), (7, 21), (3, 21), (8, 21), (5, 21), (6, 21), (0, 21), (1, 21)]","[(2, 21), (8, 21), (5, 21), (3, 21), (1, 21), (0, 0), (4, 0), (2, 0), (6, 0), (5, 0), (7, 0), (3, 0), (1, 0), (8, 0)]",446,1.7082084683378271,443.8732394366197,7.582280264741778,0.18386095599999974,82.08105970087912,0.34926656369230774,0.2866816966594921
"[(3, 0), (1, 0), (0, 0), (5, 0), (4, 0), (5, 21), (0, 21), (4, 21), (7, 21), (6, 21), (2, 21), (3, 21), (1, 21), (8, 21)]","[(4, 21), (0, 21), (5, 21), (8, 21), (2, 21), (1, 0), (8, 0), (0, 0), (2, 0), (5, 0), (3, 0), (6, 0), (4, 0), (7, 0)]",443,1.6965070252399312,443.8611111111111,7.530134932308016,0.2322082799999996,81.99377953947013,0.3477848132658228,0.2851619130609366
"[(0, 0), (1, 0), (5, 0), (6, 0), (3, 0), (8, 21), (2, 21), (3, 21), (4, 21), (0, 21), (7, 21), (1, 21), (6, 21), (5, 21)]","[(8, 21), (4, 21), (7, 21), (3, 21), (5, 21), (0, 0), (6, 0), (3, 0), (4, 0), (7, 0), (8, 0), (2, 0), (1, 0), (5, 0)]",,1.6965070252399312,443.8611111111111,7.530134932308016,1.2507323270000001,83.7179767671954,0.3590716571875,0.3006075265418147
"[(7, 0), (5, 0), (3, 0), (1, 0), (6, 0), (0, 21), (8, 21), (3, 21), (1, 21), (4, 21), (5, 21), (6, 21), (7, 21), (2, 21)]","[(7, 21), (8, 21), (0, 21), (5, 21), (3, 21), (0, 0), (8, 0), (6, 0), (5, 0), (4, 0), (2, 0), (3, 0), (7, 0), (1, 0)]",438,1.692130051176382,443.7808219178082,7.509348649028777,0.22950630500000013,83.66766547484524,0.3574720849382716,0.2990885481921077
"[(0, 0), (6, 0), (5, 0), (1, 0), (3, 0), (8, 21), (7, 21), (2, 21), (6, 21), (0, 21), (1, 21), (4, 21), (3, 21), (5, 21)]","[(3, 21), (0, 21), (7, 21), (5, 21), (8, 21), (0, 0), (8, 0), (4, 0), (3, 0), (1, 0), (5, 0), (2, 0), (7, 0), (6, 0)]",445,1.6808947488294181,443.7972972972973,7.459765465717151,0.3231540930000003,83.26008434437553,0.3570535728414634,0.29728310590240875
"[(1, 0), (2, 0), (0, 0), (8, 0), (5, 0), (4, 21), (2, 21), (3, 21), (0, 21), (7, 21), (5, 21), (1, 21), (6, 21), (8, 21)]","[(4, 21), (5, 21), (8, 21), (2, 21), (7, 21), (6, 0), (0, 0), (2, 0), (7, 0), (4, 0), (3, 0), (5, 0), (8, 0), (1, 0)]",452,1.6826412440227427,443.9066666666667,7.46935665829989,0.40296700500000027,82.64085493508081,0.35760674672289156,0.29552927279732666
"[(7, 0), (6, 0), (4, 0), (5, 0), (8, 0), (3, 21), (4, 21), (6, 21), (7, 21), (8, 21), (0, 21), (5, 21), (1, 21), (2, 21)]","[(5, 21), (6, 21), (3, 21), (0, 21), (2, 21), (5, 0), (2, 0), (1, 0), (3, 0), (8, 0), (6, 0), (4, 0), (0, 0), (7, 0)]",447,1.6732661697336424,443.94736842105266,7.42842112721225,0.22539668000000024,82.60886098837462,0.3560328173571429,0.29411465516355584
"[(6, 0), (5, 0), (7, 0), (1, 0), (2, 0), (1, 21), (5, 21), (7, 21), (0, 21), (4, 21), (3, 21), (8, 21), (2, 21), (6, 21)]","[(0, 21), (1, 21), (5, 21), (7, 21), (3, 21), (5, 0), (2, 0), (4, 0), (3, 0), (6, 0), (8, 0), (1, 0), (0, 0), (7, 0)]",,1.6732661697336424,443.94736842105266,7.42842112721225,1.1713141960000004,83.50344751688169,0.3656243629882353,0.3053089480568141
"[(0, 0), (1, 0), (5, 0), (7, 0), (4, 0), (0, 21), (8, 21), (3, 21), (4, 21), (5, 21), (6, 21), (2, 21), (1, 21), (7, 21)]","[(2, 21), (1, 21), (8, 21), (7, 21), (6, 21), (7, 0), (5, 0), (1, 0), (4, 0), (0, 0), (2, 0), (3, 0), (8, 0), (6, 0)]",,1.6732661697336424,443.94736842105266,7.42842112721225,1.1799612229999998,84.20137838222806,0.3750933962441861,0.3158338098583171
"[(5, 0), (0, 0), (4, 0), (2, 0), (8, 0), (4, 21), (1, 21), (6, 21), (5, 21), (7, 21), (8, 21), (0, 21), (3, 21), (2, 21)]","[(6, 21), (0, 21), (1, 21), (2, 21), (3, 21), (6, 0), (2, 0), (7, 0), (0, 0), (1, 0), (5, 0), (4, 0), (3, 0), (8, 0)]",433,1.6861862989128715,443.8051948051948,7.483382388668773,0.16119864299999964,84.49023703876874,0.37263483586206897,0.31484005610888893
"[(1, 0), (4, 0), (5, 0), (0, 0), (2, 0), (4, 21), (8, 21), (5, 21), (3, 21), (1, 21), (0, 21), (7, 21), (6, 21), (2, 21)]","[(8, 21), (4, 21), (5, 21), (7, 21), (3, 21), (1, 0), (6, 0), (5, 0), (0, 0), (4, 0), (3, 0), (8, 0), (7, 0), (2, 0)]",444,1.6753403942246547,443.8076923076923,7.435289541907035,0.18663128400000017,84.65542875070686,0.3705211591363637,0.31366627587897755
"[(6, 0), (3, 0), (8, 0), (1, 0), (5, 0), (2, 21), (8, 21), (1, 21), (0, 21), (4, 21), (5, 21), (6, 21), (7, 21), (3, 21)]","[(5, 21), (1, 21), (2, 21), (4, 21), (3, 21), (1, 0), (7, 0), (6, 0), (3, 0), (4, 0), (8, 0), (2, 0), (5, 0), (0, 0)]",439,1.6693314132582848,443.746835443038,7.407605319390182,0.2228657570000001,84.66230853124618,0.36886210967415733,0.31228717734719874
"[(6, 0), (4, 0), (1, 0), (7, 0), (8, 0), (1, 21), (3, 21), (4, 21), (6, 21), (2, 21), (8, 21), (7, 21), (0, 21), (5, 21)]","[(2, 21), (1, 21), (8, 21), (6, 21), (7, 21), (0, 0), (7, 0), (5, 0), (4, 0), (1, 0), (2, 0), (6, 0), (8, 0), (3, 0)]",452,1.6712971285387304,443.85,7.418052305019156,0.33232916699999926,84.2898077515913,0.3684561880888889,0.3105710125889661
"[(2, 0), (3, 0), (4, 0), (8, 0), (0, 0), (3, 21), (5, 21), (4, 21), (7, 21), (0, 21), (1, 21), (2, 21), (6, 21), (8, 21)]","[(2, 21), (5, 21), (0, 21), (1, 21), (6, 21), (5, 0), (3, 0), (7, 0), (0, 0), (8, 0), (4, 0), (6, 0), (1, 0), (2, 0)]",440,1.6638860696105613,443.8024691358025,7.3843674605383285,0.1305052670000002,84.69640219155744,0.36584134280219777,0.3098544550827438
"[(2, 0), (5, 0), (8, 0), (7, 0), (3, 0), (5, 21), (0, 21), (3, 21), (2, 21), (4, 21), (6, 21), (7, 21), (8, 21), (1, 21)]","[(7, 21), (6, 21), (0, 21), (1, 21), (8, 21), (4, 0), (8, 0), (6, 0), (5, 0), (3, 0), (1, 0), (2, 0), (7, 0), (0, 0)]",452,1.6657144162078803,443.9024390243902,7.394146920727663,0.2502256230000004,84.58912098222507,0.3645846501956521,0.3083989508366222
"[(2, 0), (3, 0), (1, 0), (0, 0), (7, 0), (8, 21), (2, 21), (6, 21), (1, 21), (4, 21), (5, 21), (3, 21), (0, 21), (7, 21)]","[(3, 21), (7, 21), (2, 21), (1, 21), (4, 21), (8, 0), (2, 0), (1, 0), (0, 0), (3, 0), (5, 0), (7, 0), (4, 0), (6, 0)]",430,1.691178767914971,443.73493975903614,7.504351087025106,0.17868604600000015,84.76203059870636,0.36258574047311826,0.30733503628637054
"[(6, 0), (4, 0), (3, 0), (5, 0), (7, 0), (2, 21), (0, 21), (3, 21), (4, 21), (5, 21), (8, 21), (1, 21), (7, 21), (6, 21)]","[(0, 21), (4, 21), (1, 21), (8, 21), (5, 21), (5, 0), (3, 0), (1, 0), (0, 0), (6, 0), (2, 0), (4, 0), (7, 0), (8, 0)]",442,1.6816951168572454,443.7142857142857,7.461921475655149,0.21332437400000037,84.78698524428356,0.3609978535957447,0.3060791968604044
"[(6, 0), (3, 0), (4, 0), (0, 0), (7, 0), (0, 21), (8, 21), (1, 21), (2, 21), (5, 21), (7, 21), (6, 21), (4, 21), (3, 21)]","[(8, 21), (2, 21), (4, 21), (0, 21), (6, 21), (0, 0), (3, 0), (6, 0), (1, 0), (7, 0), (2, 0), (8, 0), (4, 0), (5, 0)]",443,1.67189529581699,443.70588235294116,7.418297774322092,0.400464752,84.24998143226095,0.36141329463157895,0.30449063362082784
"[(6, 0), (0, 0), (2, 0), (4, 0), (7, 0), (1, 21), (6, 21), (2, 21), (8, 21), (3, 21), (0, 21), (7, 21), (5, 21), (4, 21)]","[(3, 21), (1, 21), (0, 21), (4, 21), (2, 21), (8, 0), (1, 0), (4, 0), (6, 0), (0, 0), (3, 0), (2, 0), (5, 0), (7, 0)]",446,1.6629705120132647,443.7325581395349,7.379141594062582,0.2660903810000006,84.08381179588156,0.36042034761458336,0.30305516676230837
"[(4, 0), (7, 0), (1, 0), (3, 0), (2, 0), (1, 21), (2, 21), (4, 21), (5, 21), (7, 21), (3, 21), (6, 21), (0, 21), (8, 21)]","[(2, 21), (8, 21), (1, 21), (0, 21), (3, 21), (8, 0), (1, 0), (4, 0), (5, 0), (6, 0), (2, 0), (3, 0), (7, 0), (0, 0)]",,1.6629705120132647,443.7325581395349,7.379141594062582,1.1936130969999996,84.82572626917285,0.3690099635876289,0.3130153816188165
"[(5, 0), (0, 0), (2, 0), (1, 0), (6, 0), (3, 21), (7, 21), (8, 21), (1, 21), (4, 21), (0, 21), (5, 21), (6, 21), (2, 21)]","[(6, 21), (7, 21), (5, 21), (8, 21), (2, 21), (4, 0), (8, 0), (5, 0), (2, 0), (7, 0), (1, 0), (6, 0), (3, 0), (0, 0)]",449,1.657994158399392,443.7931034482759,7.358063730551785,0.25830871000000055,84.70496593166388,0.3678803589591837,0.3116129327256593
"[(4, 0), (6, 0), (8, 0), (2, 0), (0, 0), (3, 21), (5, 21), (0, 21), (2, 21), (4, 21), (1, 21), (6, 21), (7, 21), (8, 21)]","[(5, 21), (2, 21), (1, 21), (8, 21), (4, 21), (7, 0), (8, 0), (5, 0), (1, 0), (2, 0), (0, 0), (4, 0), (3, 0), (6, 0)]",446,1.6492960136070287,443.8181818181818,7.319875580390468,0.188796301,84.83368127290362,0.3660714290808081,0.3105518693775761
"[(7, 0), (4, 0), (3, 0), (5, 0), (2, 0), (1, 21), (5, 21), (2, 21), (0, 21), (4, 21), (6, 21), (7, 21), (8, 21), (3, 21)]","[(8, 21), (5, 21), (2, 21), (4, 21), (6, 21), (4, 0), (3, 0), (2, 0), (0, 0), (5, 0), (8, 0), (7, 0), (6, 0), (1, 0)]",441,1.6414863784008433,443.7865168539326,7.284695223336866,0.3114813699999992,84.54756798754728,0.3655255284899999,0.3090429447119242
"[(8, 0), (5, 0), (7, 0), (1, 0), (6, 0), (2, 21), (6, 21), (8, 21), (0, 21), (5, 21), (1, 21), (4, 21), (7, 21), (3, 21)]","[(3, 21), (2, 21), (8, 21), (5, 21), (7, 21), (5, 0), (6, 0), (3, 0), (7, 0), (4, 0), (8, 0), (0, 0), (2, 0), (1, 0)]",444,1.632340599776462,443.7888888888889,7.244146210630185,0.23413805200000049,84.50395783917321,0.36422466238613854,0.30778425514265345
"[(8, 0), (3, 0), (1, 0), (7, 0), (5, 0), (6, 21), (2, 21), (7, 21), (5, 21), (4, 21), (3, 21), (0, 21), (8, 21), (1, 21)]","[(3, 21), (8, 21), (2, 21), (7, 21), (0, 21), (8, 0), (5, 0), (4, 0), (6, 0), (2, 0), (7, 0), (0, 0), (1, 0), (3, 0)]",442,1.6239626798935547,443.7692307692308,7.206646692543013,0.20647188999999955,84.55596527996134,0.36267806657843127,0.3066659400540934
"[(1, 0), (0, 0), (2, 0), (5, 0), (8, 0), (1, 21), (4, 21), (2, 21), (8, 21), (7, 21), (0, 21), (6, 21), (3, 21), (5, 21)]","[(0, 21), (5, 21), (3, 21), (1, 21), (2, 21), (1, 0), (4, 0), (8, 0), (2, 0), (6, 0), (0, 0), (7, 0), (3, 0), (5, 0)]",,1.6239626798935547,443.7692307692308,7.206646692543013,1.2499898260000002,85.46723574011233,0.37129274385436883,0.3173336446759449
"[(4, 0), (0, 0), (5, 0), (8, 0), (2, 0), (3, 21), (2, 21), (6, 21), (1, 21), (7, 21), (0, 21), (5, 21), (4, 21), (8, 21)]","[(0, 21), (8, 21), (4, 21), (6, 21), (2, 21), (5, 0), (0, 0), (2, 0), (6, 0), (1, 0), (4, 0), (8, 0), (7, 0), (3, 0)]",,1.6239626798935547,443.7692307692308,7.206646692543013,1.273985165,86.28518853984946,0.379972478673077,0.3278599696226037
"[(8, 0), (4, 0), (3, 0), (7, 0), (1, 0), (5, 21), (8, 21), (4, 21), (2, 21), (0, 21), (1, 21), (3, 21), (6, 21), (7, 21)]","[(3, 21), (0, 21), (4, 21), (5, 21), (8, 21), (5, 0), (1, 0), (8, 0), (3, 0), (2, 0), (0, 0), (4, 0), (7, 0), (6, 0)]",,1.6239626798935547,443.7692307692308,7.206646692543013,1.1758239119999994,86.5239868885342,0.3875520161333334,0.33532545562545535
"[(7, 0), (4, 0), (8, 0), (3, 0), (6, 0), (0, 21), (4, 21), (8, 21), (3, 21), (1, 21), (6, 21), (7, 21), (5, 21), (2, 21)]","[(7, 21), (2, 21), (0, 21), (8, 21), (6, 21), (4, 0), (1, 0), (6, 0), (2, 0), (0, 0), (7, 0), (3, 0), (8, 0), (5, 0)]",436,1.6255917575766505,443.6847826086956,7.212503255708836,0.21344405799999944,86.59131881001964,0.38590948822641513,0.33416411526825035
"[(7, 0), (6, 0), (8, 0), (5, 0), (1, 0), (4, 21), (8, 21), (6, 21), (2, 21), (1, 21), (5, 21), (7, 21), (0, 21), (3, 21)]","[(0, 21), (6, 21), (3, 21), (1, 21), (5, 21), (2, 0), (5, 0), (3, 0), (7, 0), (0, 0), (4, 0), (1, 0), (6, 0), (8, 0)]",452,1.628013165619833,443.7741935483871,7.224702296590981,0.26470078699999977,86.49259616001325,0.3847766966261683,0.33280335433071107
"[(1, 0), (3, 0), (0, 0), (8, 0), (7, 0), (6, 21), (0, 21), (4, 21), (7, 21), (1, 21), (5, 21), (2, 21), (3, 21), (8, 21)]","[(1, 21), (2, 21), (3, 21), (7, 21), (6, 21), (8, 0), (6, 0), (4, 0), (1, 0), (3, 0), (0, 0), (2, 0), (7, 0), (5, 0)]",,1.628013165619833,443.7741935483871,7.224702296590981,1.1641395079999999,86.62534368641343,0.39199301895370375,0.33956529989539364
"[(6, 0), (8, 0), (4, 0), (0, 0), (3, 0), (1, 21), (5, 21), (8, 21), (0, 21), (2, 21), (6, 21), (7, 21), (3, 21), (4, 21)]","[(0, 21), (6, 21), (8, 21), (3, 21), (5, 21), (2, 0), (5, 0), (1, 0), (3, 0), (8, 0), (7, 0), (0, 0), (6, 0), (4, 0)]",448,1.622110209078718,443.8191489361702,7.199235724739898,0.3329738020000006,86.35829907534473,0.39145155824770644,0.3380509074066516
"[(6, 0), (7, 0), (3, 0), (8, 0), (0, 0), (1, 21), (4, 21), (7, 21), (6, 21), (2, 21), (0, 21), (8, 21), (3, 21), (5, 21)]","[(4, 21), (6, 21), (7, 21), (1, 21), (2, 21), (0, 0), (8, 0), (6, 0), (2, 0), (5, 0), (1, 0), (7, 0), (3, 0), (4, 0)]",440,1.6160847727366183,443.77894736842103,7.171843993031905,0.2747515629999997,86.24516025006152,0.39039064920000005,0.33669304100379555
"[(1, 0), (7, 0), (8, 0), (2, 0), (3, 0), (7, 21), (6, 21), (8, 21), (1, 21), (5, 21), (0, 21), (2, 21), (4, 21), (3, 21)]","[(3, 21), (1, 21), (0, 21), (7, 21), (4, 21), (2, 0), (4, 0), (0, 0), (1, 0), (8, 0), (3, 0), (5, 0), (6, 0), (7, 0)]",452,1.6182982242101407,443.8645833333333,7.183052669981073,0.3188208499999998,86.01532618508982,0.3897458762342343,0.33524118673581305
"[(7, 0), (1, 0), (2, 0), (3, 0), (8, 0), (3, 21), (8, 21), (5, 21), (7, 21), (1, 21), (2, 21), (4, 21), (0, 21), (6, 21)]","[(3, 21), (6, 21), (8, 21), (0, 21), (1, 21), (6, 0), (8, 0), (1, 0), (4, 0), (3, 0), (5, 0), (2, 0), (0, 0), (7, 0)]",441,1.611361348541352,443.83505154639175,7.151786471897144,0.16202448799999924,86.25666043761088,0.38771264955357143,0.3344279835990884
"[(4, 0), (6, 0), (1, 0), (7, 0), (8, 0), (3, 21), (4, 21), (6, 21), (7, 21), (2, 21), (8, 21), (0, 21), (1, 21), (5, 21)]","[(8, 21), (1, 21), (2, 21), (4, 21), (6, 21), (8, 0), (0, 0), (5, 0), (7, 0), (3, 0), (4, 0), (6, 0), (1, 0), (2, 0)]",439,1.6070317026950702,443.7857142857143,7.131777120603195,0.2277314920000002,86.27609882938268,0.38629688709734517,0.3332818840869343
"[(1, 0), (8, 0), (6, 0), (0, 0), (4, 0), (8, 21), (6, 21), (5, 21), (7, 21), (0, 21), (1, 21), (3, 21), (2, 21), (4, 21)]","[(3, 21), (0, 21), (2, 21), (5, 21), (6, 21), (2, 0), (3, 0), (0, 0), (5, 0), (8, 0), (1, 0), (7, 0), (6, 0), (4, 0)]",456,1.621957164652661,443.90909090909093,7.200015304544494,0.3481217110000001,85.97633462366365,0.38596201713157896,0.3318359953692883
"[(2, 0), (7, 0), (1, 0), (5, 0), (8, 0), (6, 21), (7, 21), (4, 21), (8, 21), (5, 21), (2, 21), (3, 21), (0, 21), (1, 21)]","[(1, 21), (7, 21), (0, 21), (4, 21), (3, 21), (4, 0), (3, 0), (5, 0), (2, 0), (1, 0), (7, 0), (8, 0), (0, 0), (6, 0)]",440,1.6163461352630206,443.87,7.174475590591969,0.2517418530000004,85.92240174858642,0.38479488526956523,0.330625007229328
"[(5, 0), (6, 0), (4, 0), (7, 0), (8, 0), (5, 21), (7, 21), (0, 21), (2, 21), (8, 21), (1, 21), (4, 21), (6, 21), (3, 21)]","[(7, 21), (4, 21), (8, 21), (2, 21), (1, 21), (2, 0), (1, 0), (0, 0), (6, 0), (3, 0), (4, 0), (5, 0), (7, 0), (8, 0)]",449,1.6122056647595469,443.9207920792079,7.156916156946441,0.24616815800000058,85.88277437643556,0.3835998272758621,0.3294461741677252
"[(0, 0), (1, 0), (5, 0), (8, 0), (6, 0), (5, 21), (4, 21), (2, 21), (8, 21), (6, 21), (0, 21), (3, 21), (7, 21), (1, 21)]","[(0, 21), (8, 21), (1, 21), (5, 21), (4, 21), (1, 0), (3, 0), (4, 0), (5, 0), (7, 0), (2, 0), (0, 0), (6, 0), (8, 0)]",444,1.6042813871386012,443.921568627451,7.121751098983909,0.2640192139999993,85.7916827217004,0.3825777707521368,0.32821990724742744
"[(2, 0), (4, 0), (3, 0), (5, 0), (8, 0), (5, 21), (8, 21), (3, 21), (2, 21), (1, 21), (6, 21), (4, 21), (0, 21), (7, 21)]","[(2, 21), (1, 21), (7, 21), (0, 21), (3, 21), (4, 0), (3, 0), (5, 0), (6, 0), (8, 0), (1, 0), (2, 0), (7, 0), (0, 0)]",462,1.6450059829848511,444.09708737864077,7.3054236576401035,1.1776522900000002,86.01088103379749,0.38931569040677966,0.33485385532168255
"[(0, 0), (2, 0), (4, 0), (5, 0), (1, 0), (7, 21), (3, 21), (0, 21), (1, 21), (2, 21), (8, 21), (5, 21), (6, 21), (4, 21)]","[(7, 21), (8, 21), (6, 21), (2, 21), (1, 21), (6, 0), (8, 0), (3, 0), (1, 0), (5, 0), (0, 0), (4, 0), (2, 0), (7, 0)]",454,1.6511232766403736,444.1923076923077,7.334162585353721,0.27537743399999925,85.90164571220747,0.3883582260672269,0.333606107450483
"[(4, 0), (2, 0), (6, 0), (8, 0), (1, 0), (8, 21), (2, 21), (6, 21), (1, 21), (7, 21), (5, 21), (3, 21), (0, 21), (4, 21)]","[(6, 21), (2, 21), (7, 21), (0, 21), (5, 21), (5, 0), (8, 0), (3, 0), (0, 0), (7, 0), (6, 0), (4, 0), (2, 0), (1, 0)]",444,1.6432541303401555,444.1904761904762,7.299178346577605,0.2974412830000004,85.73670400346684,0.387600584875,0.33231596616998504
"[(8, 0), (2, 0), (4, 0), (7, 0), (0, 0), (2, 21), (3, 21), (8, 21), (1, 21), (5, 21), (6, 21), (7, 21), (4, 21), (0, 21)]","[(4, 21), (5, 21), (2, 21), (3, 21), (0, 21), (6, 0), (5, 0), (1, 0), (4, 0), (2, 0), (0, 0), (7, 0), (3, 0), (8, 0)]",447,1.6365294647884006,444.2169811320755,7.269741783819945,0.247088486,85.70150222776637,0.38643932785950413,0.33118430917447833
"[(7, 0), (2, 0), (6, 0), (4, 0), (3, 0), (7, 21), (2, 21), (1, 21), (8, 21), (4, 21), (3, 21), (6, 21), (5, 21), (0, 21)]","[(3, 21), (1, 21), (4, 21), (0, 21), (2, 21), (0, 0), (4, 0), (3, 0), (8, 0), (5, 0), (6, 0), (1, 0), (2, 0), (7, 0)]",447,1.6298838549449672,444.2429906542056,7.2406447813975765,0.43920323399999983,85.26299828619608,0.38687181889344263,0.3298585123128916
"[(2, 0), (5, 0), (4, 0), (1, 0), (0, 0), (5, 21), (7, 21), (2, 21), (0, 21), (3, 21), (6, 21), (4, 21), (8, 21), (1, 21)]","[(7, 21), (4, 21), (5, 21), (2, 21), (8, 21), (6, 0), (7, 0), (5, 0), (1, 0), (4, 0), (0, 0), (8, 0), (3, 0), (2, 0)]",451,1.6286189481507074,444.30555555555554,7.236044465464045,0.40295316599999964,84.88782612137346,0.38700256155284557,0.32851806153624086
"[(6, 0), (1, 0), (4, 0), (5, 0), (0, 0), (1, 21), (7, 21), (2, 21), (4, 21), (6, 21), (0, 21), (3, 21), (5, 21), (8, 21)]","[(5, 21), (7, 21), (1, 21), (4, 21), (8, 21), (7, 0), (5, 0), (3, 0), (2, 0), (4, 0), (1, 0), (8, 0), (0, 0), (6, 0)]",445,1.6211762483342032,444.3119266055046,7.203079422644537,0.199229259,84.98869649122605,0.38548826072580644,0.3276214479175618
"[(8, 0), (4, 0), (7, 0), (6, 0), (5, 0), (0, 21), (5, 21), (2, 21), (3, 21), (4, 21), (1, 21), (6, 21), (8, 21), (7, 21)]","[(5, 21), (7, 21), (4, 21), (3, 21), (0, 21), (4, 0), (8, 0), (3, 0), (2, 0), (0, 0), (7, 0), (5, 0), (1, 0), (6, 0)]",438,1.619622452547527,444.25454545454545,7.195246364644777,0.19519091200000016,85.09828877535773,0.383965881936,0.3267483950087464
"[(1, 0), (0, 0), (3, 0), (8, 0), (2, 0), (1, 21), (3, 21), (4, 21), (0, 21), (2, 21), (8, 21), (6, 21), (5, 21), (7, 21)]","[(7, 21), (3, 21), (2, 21), (1, 21), (6, 21), (7, 0), (0, 0), (8, 0), (3, 0), (6, 0), (5, 0), (1, 0), (4, 0), (2, 0)]",447,1.613277568668593,444.27927927927925,7.167457954855103,0.21176933400000042,85.15638182276344,0.38259924266666673,0.32580767193622795
"[(2, 0), (8, 0), (3, 0), (1, 0), (5, 0), (3, 21), (4, 21), (8, 21), (2, 21), (7, 21), (5, 21), (0, 21), (6, 21), (1, 21)]","[(4, 21), (6, 21), (8, 21), (3, 21), (0, 21), (0, 0), (2, 0), (5, 0), (7, 0), (6, 0), (4, 0), (8, 0), (1, 0), (3, 0)]",439,1.610115263525739,444.23214285714283,7.152649537630322,0.1888380440000006,85.27854592768226,0.3810735639370079,0.3249739942402769
"[(8, 0), (7, 0), (4, 0), (1, 0), (3, 0), (5, 21), (3, 21), (0, 21), (1, 21), (7, 21), (8, 21), (2, 21), (4, 21), (6, 21)]","[(8, 21), (3, 21), (2, 21), (0, 21), (1, 21), (4, 0), (3, 0), (2, 0), (5, 0), (0, 0), (6, 0), (1, 0), (7, 0), (8, 0)]",,1.610115263525739,444.23214285714283,7.152649537630322,1.1753814130000002,85.51199685406905,0.3872790940078125,0.33117008668442777
"[(6, 0), (5, 0), (1, 0), (2, 0), (8, 0), (3, 21), (6, 21), (2, 21), (4, 21), (0, 21), (1, 21), (5, 21), (8, 21), (7, 21)]","[(0, 21), (7, 21), (6, 21), (3, 21), (5, 21), (3, 0), (6, 0), (2, 0), (4, 0), (8, 0), (5, 0), (7, 0), (1, 0), (0, 0)]",453,1.6133159337551222,444.30973451327435,7.168119742127736,0.5385527030000006,84.99141984148638,0.3884517576434109,0.3301506642203445
"[(1, 0), (2, 0), (4, 0), (7, 0), (5, 0), (3, 21), (2, 21), (0, 21), (6, 21), (8, 21), (7, 21), (1, 21), (4, 21), (5, 21)]","[(8, 21), (0, 21), (6, 21), (5, 21), (1, 21), (3, 0), (6, 0), (1, 0), (7, 0), (8, 0), (4, 0), (5, 0), (0, 0), (2, 0)]",443,1.6065011189165412,444.29824561403507,7.1376562871160365,0.21691829299999998,85.04061996072465,0.3871322694538461,0.3292196820115738
"[(1, 0), (7, 0), (4, 0), (6, 0), (5, 0), (7, 21), (4, 21), (2, 21), (8, 21), (3, 21), (5, 21), (1, 21), (0, 21), (6, 21)]","[(5, 21), (6, 21), (4, 21), (8, 21), (2, 21), (7, 0), (2, 0), (8, 0), (4, 0), (0, 0), (5, 0), (6, 0), (1, 0), (3, 0)]",,1.6065011189165412,444.29824561403507,7.1376562871160365,1.1963275539999998,85.28600242394532,0.3933093326946565,0.3354378070155679
"[(8, 0), (0, 0), (1, 0), (6, 0), (7, 0), (5, 21), (3, 21), (6, 21), (0, 21), (7, 21), (4, 21), (2, 21), (1, 21), (8, 21)]","[(3, 21), (2, 21), (5, 21), (1, 21), (6, 21), (4, 0), (6, 0), (2, 0), (3, 0), (5, 0), (0, 0), (7, 0), (8, 0), (1, 0)]",441,1.6010886943836025,444.2695652173913,7.1131497812828375,0.18973845499999964,85.4157062360226,0.39176712907575756,0.33463066010064857
"[(6, 0), (5, 0), (0, 0), (3, 0), (7, 0), (4, 21), (8, 21), (0, 21), (3, 21), (7, 21), (5, 21), (2, 21), (1, 21), (6, 21)]","[(7, 21), (2, 21), (4, 21), (6, 21), (5, 21), (0, 0), (4, 0), (1, 0), (7, 0), (5, 0), (3, 0), (8, 0), (2, 0), (6, 0)]",439,1.598102613747105,444.2241379310345,7.099157559171408,0.21130663099999936,85.48303553206341,0.39041028322556387,0.3337345611305382
"[(5, 0), (1, 0), (4, 0), (6, 0), (3, 0), (2, 21), (7, 21), (8, 21), (3, 21), (1, 21), (4, 21), (5, 21), (0, 21), (6, 21)]","[(7, 21), (5, 21), (4, 21), (2, 21), (1, 21), (8, 0), (6, 0), (4, 0), (1, 0), (7, 0), (2, 0), (0, 0), (5, 0), (3, 0)]",455,1.6065170551019428,444.3162393162393,7.138016163202948,0.4253100219999997,85.11016896676247,0.3906707290373134,0.3325005175873402
"[(2, 0), (6, 0), (5, 0), (0, 0), (3, 0), (7, 21), (0, 21), (1, 21), (8, 21), (2, 21), (4, 21), (3, 21), (6, 21), (5, 21)]","[(4, 21), (8, 21), (5, 21), (0, 21), (2, 21), (3, 0), (8, 0), (4, 0), (1, 0), (6, 0), (2, 0), (7, 0), (0, 0), (5, 0)]",442,1.600479578289703,444.29661016949154,7.110876512796124,0.19902255299999982,85.2082596704184,0.3892511129185185,0.33167409906560474
"[(1, 0), (6, 0), (4, 0), (2, 0), (0, 0), (5, 21), (4, 21), (1, 21), (7, 21), (2, 21), (8, 21), (0, 21), (3, 21), (6, 21)]","[(0, 21), (8, 21), (1, 21), (4, 21), (2, 21), (7, 0), (2, 0), (5, 0), (0, 0), (6, 0), (4, 0), (8, 0), (1, 0), (3, 0)]",436,1.6030821431168458,444.2268907563025,7.121321960637464,0.17902621100000005,85.35868283308787,0.3877053415808824,0.3309401728469653
"[(2, 0), (0, 0), (6, 0), (8, 0), (1, 0), (4, 21), (2, 21), (1, 21), (7, 21), (0, 21), (3, 21), (8, 21), (6, 21), (5, 21)]","[(6, 21), (1, 21), (3, 21), (4, 21), (0, 21), (6, 0), (0, 0), (7, 0), (2, 0), (4, 0), (8, 0), (1, 0), (5, 0), (3, 0)]",,1.6030821431168458,444.2268907563025,7.121321960637464,1.1455008649999998,85.43980626477537,0.39323669576642334,0.3359806710248362
"[(3, 0), (2, 0), (5, 0), (1, 0), (6, 0), (0, 21), (2, 21), (6, 21), (8, 21), (1, 21), (5, 21), (4, 21), (3, 21), (7, 21)]","[(2, 21), (6, 21), (1, 21), (5, 21), (8, 21), (8, 0), (1, 0), (7, 0), (2, 0), (5, 0), (3, 0), (4, 0), (6, 0), (0, 0)]",451,1.6021908239562153,444.28333333333336,7.118266799033472,0.2906022339999996,85.31982187395116,0.39249296778260867,0.3348743009799062
"[(8, 0), (5, 0), (3, 0), (1, 0), (4, 0), (2, 21), (5, 21), (3, 21), (1, 21), (6, 21), (0, 21), (4, 21), (7, 21), (8, 21)]","[(3, 21), (1, 21), (0, 21), (4, 21), (7, 21), (7, 0), (5, 0), (1, 0), (0, 0), (2, 0), (6, 0), (3, 0), (4, 0), (8, 0)]",440,1.598069339674486,444.24793388429754,7.09939002354234,0.224090962,85.35312372591719,0.39128144256115105,0.33397093378577286
"[(4, 0), (8, 0), (7, 0), (2, 0), (6, 0), (2, 21), (5, 21), (1, 21), (7, 21), (3, 21), (0, 21), (4, 21), (6, 21), (8, 21)]","[(5, 21), (0, 21), (7, 21), (8, 21), (4, 21), (3, 0), (6, 0), (0, 0), (1, 0), (8, 0), (5, 0), (4, 0), (2, 0), (7, 0)]",449,1.5942863466351824,444.28688524590166,7.083205151366131,0.7894486770000002,84.86156954158545,0.39412549423571425,0.33446108037195804
"[(6, 0), (2, 0), (3, 0), (1, 0), (7, 0), (2, 21), (8, 21), (3, 21), (1, 21), (6, 21), (5, 21), (4, 21), (7, 21), (0, 21)]","[(7, 21), (1, 21), (5, 21), (4, 21), (2, 21), (0, 0), (8, 0), (6, 0), (1, 0), (5, 0), (4, 0), (3, 0), (2, 0), (7, 0)]",440,1.5902794673536895,444.2520325203252,7.064848856472167,0.1998493159999999,84.95822920909204,0.392747649,0.33367144785074027
"[(8, 0), (0, 0), (7, 0), (5, 0), (1, 0), (7, 21), (6, 21), (2, 21), (1, 21), (3, 21), (4, 21), (5, 21), (8, 21), (0, 21)]","[(6, 21), (8, 21), (4, 21), (1, 21), (7, 21), (6, 0), (8, 0), (4, 0), (1, 0), (5, 0), (3, 0), (0, 0), (2, 0), (7, 0)]",445,1.5839041470187765,444.258064516129,7.036621907336319,0.20479799599999993,85.03966888422022,0.3914240598943661,0.3328657244673408
"[(2, 0), (1, 0), (4, 0), (7, 0), (3, 0), (1, 21), (5, 21), (0, 21), (2, 21), (8, 21), (7, 21), (4, 21), (3, 21), (6, 21)]","[(1, 21), (4, 21), (8, 21), (0, 21), (5, 21), (2, 0), (0, 0), (5, 0), (6, 0), (1, 0), (7, 0), (4, 0), (3, 0), (8, 0)]",443,1.5777932472691776,444.248,7.009314945128375,0.26400488099999997,84.97865855413049,0.3905330166853146,0.331869718790159
"[(6, 0), (3, 0), (2, 0), (1, 0), (7, 0), (2, 21), (6, 21), (1, 21), (3, 21), (8, 21), (7, 21), (0, 21), (4, 21), (5, 21)]","[(7, 21), (2, 21), (4, 21), (8, 21), (5, 21), (7, 0), (8, 0), (1, 0), (6, 0), (2, 0), (4, 0), (5, 0), (3, 0), (0, 0)]",438,1.5766429638588084,444.1984126984127,7.003423019382035,0.21418436600000046,85.03271262894495,0.3893083732777778,0.3310394702897131
"[(6, 0), (3, 0), (8, 0), (5, 0), (0, 0), (8, 21), (6, 21), (3, 21), (2, 21), (7, 21), (1, 21), (4, 21), (0, 21), (5, 21)]","[(7, 21), (0, 21), (5, 21), (6, 21), (3, 21), (2, 0), (4, 0), (0, 0), (1, 0), (7, 0), (6, 0), (3, 0), (8, 0), (5, 0)]",,1.5766429638588084,444.1984126984127,7.003423019382035,1.1796742130000002,85.19573091057991,0.3947591721724138,0.3363179620688425
"[(3, 0), (0, 0), (6, 0), (4, 0), (1, 0), (0, 21), (1, 21), (4, 21), (2, 21), (8, 21), (5, 21), (3, 21), (6, 21), (7, 21)]","[(1, 21), (6, 21), (4, 21), (7, 21), (3, 21), (6, 0), (7, 0), (2, 0), (4, 0), (3, 0), (1, 0), (8, 0), (5, 0), (0, 0)]",448,1.5721382062920424,444.2283464566929,6.9838835578250515,0.23206795800000002,85.21201300438564,0.39364484878767125,0.3354326997400446
"[(1, 0), (7, 0), (8, 0), (4, 0), (5, 0), (4, 21), (0, 21), (8, 21), (7, 21), (3, 21), (2, 21), (5, 21), (1, 21), (6, 21)]","[(5, 21), (0, 21), (3, 21), (7, 21), (4, 21), (2, 0), (1, 0), (0, 0), (7, 0), (5, 0), (4, 0), (3, 0), (6, 0), (8, 0)]",450,1.5699979429585824,444.2734375,6.975083829861384,0.24788837300000033,85.19078887049693,0.3926533081360544,0.33450445072720786
"[(3, 0), (2, 0), (4, 0), (6, 0), (8, 0), (6, 21), (7, 21), (3, 21), (8, 21), (1, 21), (4, 21), (5, 21), (2, 21), (0, 21)]","[(1, 21), (6, 21), (0, 21), (2, 21), (5, 21), (4, 0), (6, 0), (0, 0), (8, 0), (3, 0), (1, 0), (2, 0), (5, 0), (7, 0)]",440,1.566291313911725,444.2403100775194,6.9580973896386995,0.19134959600000023,85.30179746477083,0.39129314791891895,0.3337800885313224
"[(4, 0), (1, 0), (3, 0), (0, 0), (6, 0), (6, 21), (0, 21), (5, 21), (1, 21), (2, 21), (4, 21), (7, 21), (8, 21), (3, 21)]","[(6, 21), (5, 21), (3, 21), (7, 21), (2, 21), (3, 0), (5, 0), (6, 0), (7, 0), (0, 0), (8, 0), (1, 0), (4, 0), (2, 0)]",454,1.5717518232692356,444.31538461538463,6.983535158758024,0.33014213100000056,85.11391508461679,0.390882738409396,0.3326956020501981
"[(5, 0), (0, 0), (7, 0), (6, 0), (3, 0), (0, 21), (3, 21), (6, 21), (4, 21), (2, 21), (1, 21), (7, 21), (5, 21), (8, 21)]","[(6, 21), (4, 21), (2, 21), (5, 21), (7, 21), (0, 0), (2, 0), (4, 0), (8, 0), (1, 0), (3, 0), (7, 0), (5, 0), (6, 0)]",436,1.5744163146943708,444.2519083969466,6.99437452414262,0.2145601930000005,85.1652272963845,0.3897072547733334,0.3318950693182096
"[(4, 0), (6, 0), (7, 0), (5, 0), (2, 0), (3, 21), (5, 21), (8, 21), (6, 21), (4, 21), (2, 21), (1, 21), (7, 21), (0, 21)]","[(3, 21), (8, 21), (2, 21), (4, 21), (5, 21), (1, 0), (4, 0), (2, 0), (3, 0), (7, 0), (0, 0), (5, 0), (8, 0), (6, 0)]",443,1.5686650878527293,444.24242424242425,6.968675814521519,0.17042271499999995,85.3233123258498,0.38825503927814575,0.3312720597841431
"[(7, 0), (4, 0), (8, 0), (1, 0), (6, 0), (8, 21), (4, 21), (6, 21), (2, 21), (5, 21), (1, 21), (0, 21), (3, 21), (7, 21)]","[(2, 21), (7, 21), (5, 21), (8, 21), (3, 21), (2, 0), (7, 0), (6, 0), (4, 0), (0, 0), (1, 0), (5, 0), (8, 0), (3, 0)]",447,1.5636034265537755,444.2631578947368,6.946513959758114,0.17562907900000013,85.46527308171298,0.3868561842763158,0.3306276943252481
"[(4, 0), (5, 0), (2, 0), (8, 0), (0, 0), (2, 21), (3, 21), (1, 21), (5, 21), (0, 21), (8, 21), (4, 21), (7, 21), (6, 21)]","[(2, 21), (4, 21), (8, 21), (5, 21), (3, 21), (7, 0), (2, 0), (4, 0), (3, 0), (6, 0), (5, 0), (8, 0), (0, 0), (1, 0)]",448,1.5593414287062113,444.2910447761194,6.928014325225693,0.24218143800000025,85.4476616270152,0.38591059769934644,0.3297515817049294
"[(3, 0), (6, 0), (1, 0), (4, 0), (8, 0), (0, 21), (4, 21), (6, 21), (2, 21), (7, 21), (1, 21), (3, 21), (8, 21), (5, 21)]","[(8, 21), (1, 21), (5, 21), (2, 21), (0, 21), (7, 0), (4, 0), (2, 0), (8, 0), (1, 0), (5, 0), (3, 0), (0, 0), (6, 0)]",463,1.5944670084598238,444.42962962962963,7.086283820264631,0.49798472400000016,85.04134721620048,0.3866383517662338,0.32880246319651746
"[(6, 0), (5, 0), (2, 0), (3, 0), (4, 0), (7, 21), (6, 21), (1, 21), (4, 21), (0, 21), (3, 21), (5, 21), (8, 21), (2, 21)]","[(6, 21), (8, 21), (3, 21), (7, 21), (1, 21), (1, 0), (4, 0), (3, 0), (5, 0), (6, 0), (2, 0), (8, 0), (0, 0), (7, 0)]",438,1.5935646043753606,444.38235294117646,7.0815198845609775,0.21275728100000002,85.08989746479851,0.38551653840645167,0.3280356272398903
"[(6, 0), (2, 0), (1, 0), (5, 0), (3, 0), (4, 21), (7, 21), (3, 21), (0, 21), (8, 21), (1, 21), (2, 21), (6, 21), (5, 21)]","[(2, 21), (8, 21), (7, 21), (4, 21), (3, 21), (4, 0), (3, 0), (0, 0), (1, 0), (8, 0), (7, 0), (2, 0), (5, 0), (6, 0)]",456,1.6029522263097604,444.46715328467155,7.124596128792257,0.4484995869999997,84.73801281994645,0.38592027589743594,0.32702117286474197
"[(4, 0), (5, 0), (1, 0), (3, 0), (6, 0), (2, 21), (5, 21), (6, 21), (3, 21), (8, 21), (1, 21), (7, 21), (0, 21), (4, 21)]","[(8, 21), (5, 21), (0, 21), (6, 21), (3, 21), (1, 0), (2, 0), (6, 0), (7, 0), (3, 0), (5, 0), (4, 0), (8, 0), (0, 0)]",439,1.6006804034989115,444.42753623188406,7.113864480216793,0.14734784000000012,84.94523736508181,0.38440070624203826,0.32653009235035024
"[(8, 0), (2, 0), (6, 0), (5, 0), (7, 0), (6, 21), (8, 21), (7, 21), (3, 21), (1, 21), (5, 21), (4, 21), (0, 21), (2, 21)]","[(2, 21), (7, 21), (4, 21), (3, 21), (1, 21), (5, 0), (0, 0), (1, 0), (3, 0), (8, 0), (2, 0), (4, 0), (6, 0), (7, 0)]",454,1.6050177617038246,444.49640287769785,7.13424621632164,0.23876203399999962,84.93294914461703,0.3834789424936709,0.32569997520846466
"[(8, 0), (5, 0), (1, 0), (2, 0), (7, 0), (3, 21), (7, 21), (8, 21), (6, 21), (1, 21), (5, 21), (2, 21), (4, 21), (0, 21)]","[(5, 21), (4, 21), (0, 21), (6, 21), (1, 21), (7, 0), (3, 0), (8, 0), (5, 0), (0, 0), (2, 0), (1, 0), (6, 0), (4, 0)]",442,1.6000386731079064,444.47857142857146,7.111829036534692,0.24995445400000005,84.89609156043335,0.382639165836478,0.32484569657461476
"[(3, 0), (8, 0), (1, 0), (7, 0), (4, 0), (4, 21), (8, 21), (7, 21), (0, 21), (3, 21), (6, 21), (5, 21), (1, 21), (2, 21)]","[(7, 21), (5, 21), (1, 21), (2, 21), (4, 21), (1, 0), (0, 0), (2, 0), (7, 0), (6, 0), (3, 0), (5, 0), (8, 0), (4, 0)]",,1.6000386731079064,444.47857142857146,7.111829036534692,1.2520477890000006,85.29279645831878,0.38807296973125,0.3309982881826281
"[(6, 0), (0, 0), (7, 0), (4, 0), (2, 0), (3, 21), (2, 21), (5, 21), (1, 21), (7, 21), (8, 21), (0, 21), (6, 21), (4, 21)]","[(8, 21), (5, 21), (6, 21), (4, 21), (0, 21), (0, 0), (2, 0), (6, 0), (7, 0), (4, 0), (1, 0), (5, 0), (3, 0), (8, 0)]",440,1.5967092952645,444.4468085106383,7.0965235039957735,0.2077910549999995,85.35207722142889,0.3869532062857143,0.3302725994397778
"[(4, 0), (0, 0), (7, 0), (8, 0), (6, 0), (3, 21), (1, 21), (4, 21), (5, 21), (6, 21), (2, 21), (8, 21), (0, 21), (7, 21)]","[(2, 21), (4, 21), (1, 21), (0, 21), (5, 21), (1, 0), (0, 0), (5, 0), (2, 0), (4, 0), (6, 0), (3, 0), (8, 0), (7, 0)]",451,1.5956816603323918,444.49295774647885,7.092692608229569,0.26495001600000023,85.29006117425644,0.3862001001728395,0.3293903016924545
"[(2, 0), (7, 0), (6, 0), (1, 0), (5, 0), (1, 21), (3, 21), (0, 21), (8, 21), (2, 21), (4, 21), (5, 21), (6, 21), (7, 21)]","[(2, 21), (8, 21), (0, 21), (7, 21), (6, 21), (1, 0), (0, 0), (7, 0), (4, 0), (8, 0), (6, 0), (5, 0), (2, 0), (3, 0)]",443,1.5903762379736373,444.4825174825175,7.068944339988977,0.2744340230000004,85.20934203412082,0.3855144187177914,0.3284942996360956
"[(3, 0), (7, 0), (4, 0), (5, 0), (0, 0), (3, 21), (8, 21), (2, 21), (6, 21), (4, 21), (7, 21), (1, 21), (5, 21), (0, 21)]","[(1, 21), (6, 21), (0, 21), (2, 21), (4, 21), (0, 0), (8, 0), (1, 0), (3, 0), (4, 0), (7, 0), (6, 0), (2, 0), (5, 0)]",440,1.5871668228796467,444.4513888888889,7.05418498827224,0.20036862100000086,85.28113009825441,0.3843854809268293,0.32780828206801016
"[(7, 0), (1, 0), (2, 0), (6, 0), (5, 0), (2, 21), (5, 21), (7, 21), (8, 21), (4, 21), (1, 21), (0, 21), (3, 21), (6, 21)]","[(4, 21), (0, 21), (1, 21), (6, 21), (7, 21), (0, 0), (4, 0), (1, 0), (6, 0), (7, 0), (3, 0), (5, 0), (8, 0), (2, 0)]",435,1.5916785065234653,444.3862068965517,7.073199741127311,0.9630490749999989,85.04546216075401,0.38789253301212123,0.32988499738721383
"[(7, 0), (6, 0), (5, 0), (8, 0), (4, 0), (7, 21), (1, 21), (8, 21), (2, 21), (3, 21), (6, 21), (0, 21), (4, 21), (5, 21)]","[(6, 21), (3, 21), (1, 21), (0, 21), (2, 21), (6, 0), (1, 0), (5, 0), (2, 0), (8, 0), (3, 0), (7, 0), (4, 0), (0, 0)]",440,1.5884131393679712,444.35616438356163,7.058211700660034,0.2235231690000017,85.06945221450759,0.386902356120482,0.32913571495671745
"[(0, 0), (4, 0), (5, 0), (8, 0), (1, 0), (1, 21), (8, 21), (4, 21), (5, 21), (0, 21), (2, 21), (7, 21), (6, 21), (3, 21)]","[(0, 21), (4, 21), (2, 21), (8, 21), (3, 21), (8, 0), (2, 0), (5, 0), (1, 0), (6, 0), (0, 0), (7, 0), (3, 0), (4, 0)]",,1.5884131393679712,444.35616438356163,7.058211700660034,1.242178933,85.38187394711247,0.39202377274850303,0.3347172434908415
"[(5, 0), (8, 0), (2, 0), (4, 0), (1, 0), (1, 21), (7, 21), (8, 21), (0, 21), (6, 21), (2, 21), (3, 21), (5, 21), (4, 21)]","[(1, 21), (6, 21), (3, 21), (8, 21), (5, 21), (8, 0), (5, 0), (6, 0), (4, 0), (7, 0), (3, 0), (0, 0), (1, 0), (2, 0)]",435,1.5926622431646715,444.2925170068027,7.076079167573325,0.22576268099999908,85.40547274501166,0.3910341233928571,0.33396454167798184
"[(2, 0), (6, 0), (3, 0), (5, 0), (8, 0), (3, 21), (2, 21), (1, 21), (6, 21), (7, 21), (8, 21), (5, 21), (0, 21), (4, 21)]","[(7, 21), (0, 21), (4, 21), (1, 21), (5, 21), (0, 0), (4, 0), (8, 0), (3, 0), (5, 0), (2, 0), (6, 0), (1, 0), (7, 0)]",444,1.5872887327250167,444.2905405405405,7.052173690563072,0.2157851519999987,85.4483626416938,0.38999714723076917,0.33324617665800815
"[(7, 0), (2, 0), (1, 0), (4, 0), (3, 0), (0, 21), (1, 21), (8, 21), (7, 21), (5, 21), (3, 21), (4, 21), (2, 21), (6, 21)]","[(2, 21), (3, 21), (1, 21), (5, 21), (7, 21), (0, 0), (7, 0), (2, 0), (3, 0), (8, 0), (4, 0), (6, 0), (1, 0), (5, 0)]",,1.5872887327250167,444.2905405405405,7.052173690563072,1.2593242620000007,85.76065522557855,0.3951108361411764,0.3388496419419349
"[(0, 0), (7, 0), (8, 0), (6, 0), (1, 0), (5, 21), (0, 21), (4, 21), (2, 21), (3, 21), (7, 21), (8, 21), (1, 21), (6, 21)]","[(4, 21), (6, 21), (8, 21), (0, 21), (3, 21), (3, 0), (1, 0), (5, 0), (4, 0), (0, 0), (8, 0), (6, 0), (7, 0), (2, 0)]",440,1.5840197064107129,444.26174496644296,7.037193588312561,0.22325692599999947,85.79203176832027,0.3941058425146198,0.3381114096109489
"[(5, 0), (3, 0), (7, 0), (0, 0), (1, 0), (8, 21), (4, 21), (5, 21), (6, 21), (3, 21), (0, 21), (7, 21), (1, 21), (2, 21)]","[(1, 21), (3, 21), (5, 21), (7, 21), (0, 21), (5, 0), (0, 0), (1, 0), (7, 0), (2, 0), (4, 0), (6, 0), (8, 0), (3, 0)]",,1.5840197064107129,444.26174496644296,7.037193588312561,1.1397235769999998,85.79939198836203,0.39844082934302316,0.3418598090097011
"[(1, 0), (0, 0), (8, 0), (4, 0), (5, 0), (2, 21), (7, 21), (1, 21), (6, 21), (4, 21), (3, 21), (5, 21), (0, 21), (8, 21)]","[(6, 21), (8, 21), (5, 21), (2, 21), (7, 21), (5, 0), (8, 0), (7, 0), (4, 0), (1, 0), (0, 0), (3, 0), (6, 0), (2, 0)]",464,1.6191226555483207,444.3933333333333,7.195273139746368,0.8130654490000015,85.40031026876119,0.4008375034450867,0.34231647161566037
"[(7, 0), (6, 0), (1, 0), (3, 0), (5, 0), (5, 21), (4, 21), (2, 21), (6, 21), (1, 21), (7, 21), (8, 21), (3, 21), (0, 21)]","[(7, 21), (2, 21), (8, 21), (3, 21), (0, 21), (5, 0), (6, 0), (0, 0), (8, 0), (1, 0), (4, 0), (2, 0), (7, 0), (3, 0)]",,1.6191226555483207,444.3933333333333,7.195273139746368,1.1113834810000007,85.33304574323788,0.40492110101724127,0.34553150835506496
"[(0, 0), (4, 0), (5, 0), (6, 0), (1, 0), (4, 21), (1, 21), (2, 21), (5, 21), (8, 21), (7, 21), (3, 21), (6, 21), (0, 21)]","[(0, 21), (3, 21), (1, 21), (8, 21), (6, 21), (5, 0), (8, 0), (0, 0), (1, 0), (3, 0), (6, 0), (2, 0), (7, 0), (4, 0)]",447,1.6143908562934512,444.41059602649005,7.174524026650884,0.6461009680000007,84.91822528969176,0.40629927168571417,0.3450221308804516
"[(0, 0), (4, 0), (6, 0), (2, 0), (7, 0), (7, 21), (6, 21), (4, 21), (1, 21), (8, 21), (5, 21), (3, 21), (0, 21), (2, 21)]","[(3, 21), (8, 21), (0, 21), (6, 21), (1, 21), (6, 0), (4, 0), (1, 0), (3, 0), (5, 0), (7, 0), (2, 0), (0, 0), (8, 0)]",439,1.6122081920868774,444.375,7.164250153586061,0.1882542350000005,85.03193956916529,0.4050603794318182,0.3444306970570953
"[(2, 0), (0, 0), (1, 0), (7, 0), (5, 0), (2, 21), (8, 21), (1, 21), (3, 21), (0, 21), (6, 21), (4, 21), (5, 21), (7, 21)]","[(8, 21), (1, 21), (2, 21), (6, 21), (0, 21), (0, 0), (4, 0), (5, 0), (7, 0), (6, 0), (2, 0), (8, 0), (1, 0), (3, 0)]",438,1.6112347092071817,444.3333333333333,7.159252891243911,0.18597742700000097,85.14844031817302,0.4038226226384181,0.3438486648285545
"[(3, 0), (5, 0), (8, 0), (1, 0), (6, 0), (0, 21), (2, 21), (8, 21), (6, 21), (7, 21), (3, 21), (5, 21), (1, 21), (4, 21)]","[(2, 21), (8, 21), (0, 21), (3, 21), (5, 21), (6, 0), (5, 0), (7, 0), (4, 0), (8, 0), (3, 0), (2, 0), (0, 0), (1, 0)]",437,1.6116292651310271,444.2857142857143,7.160238592224991,0.18128395000000097,85.2727677580644,0.4025724053764045,0.343284632294675
"[(5, 0), (2, 0), (4, 0), (8, 0), (0, 0), (8, 21), (4, 21), (7, 21), (1, 21), (0, 21), (2, 21), (6, 21), (5, 21), (3, 21)]","[(0, 21), (1, 21), (8, 21), (3, 21), (6, 21), (2, 0), (8, 0), (6, 0), (4, 0), (1, 0), (3, 0), (0, 0), (7, 0), (5, 0)]",444,1.6064369647302332,444.28387096774196,7.137140331560179,0.27406562400000034,85.21949452086054,0.40185449039664806,0.34245836542540353
"[(8, 0), (0, 0), (4, 0), (6, 0), (5, 0), (1, 21), (2, 21), (7, 21), (6, 21), (0, 21), (5, 21), (4, 21), (3, 21), (8, 21)]","[(4, 21), (2, 21), (3, 21), (8, 21), (7, 21), (6, 0), (2, 0), (7, 0), (3, 0), (8, 0), (4, 0), (5, 0), (0, 0), (1, 0)]",442,1.6018580910334923,444.2692307692308,7.116562619049181,0.28726579199999946,85.14375151476442,0.4012178865166667,0.3416119603285402
"[(2, 0), (4, 0), (5, 0), (0, 0), (8, 0), (0, 21), (6, 21), (5, 21), (7, 21), (1, 21), (8, 21), (4, 21), (3, 21), (2, 21)]","[(7, 21), (6, 21), (4, 21), (5, 21), (0, 21), (7, 0), (1, 0), (3, 0), (4, 0), (6, 0), (5, 0), (0, 0), (8, 0), (2, 0)]",457,1.6126453526707454,444.3503184713376,7.165794760405682,0.3777563939999986,84.93676887168829,0.40108826501104977,0.34067141262389994
"[(0, 0), (4, 0), (3, 0), (2, 0), (7, 0), (1, 21), (7, 21), (3, 21), (2, 21), (0, 21), (5, 21), (8, 21), (6, 21), (4, 21)]","[(6, 21), (3, 21), (7, 21), (4, 21), (2, 21), (2, 0), (3, 0), (5, 0), (6, 0), (7, 0), (4, 0), (1, 0), (0, 0), (8, 0)]",453,1.614730152631838,444.40506329113924,7.175942556784629,0.2994274430000008,84.84197951968427,0.4005296890659341,0.33981731676757493
"[(7, 0), (6, 0), (2, 0), (1, 0), (0, 0), (3, 21), (5, 21), (1, 21), (0, 21), (6, 21), (8, 21), (7, 21), (2, 21), (4, 21)]","[(5, 21), (6, 21), (1, 21), (8, 21), (3, 21), (4, 0), (0, 0), (3, 0), (6, 0), (8, 0), (7, 0), (1, 0), (5, 0), (2, 0)]",,1.614730152631838,444.40506329113924,7.175942556784629,1.1501175339999996,84.85948715110307,0.40462579750819677,0.34336337664651656
"[(2, 0), (7, 0), (8, 0), (4, 0), (6, 0), (5, 21), (0, 21), (8, 21), (6, 21), (7, 21), (2, 21), (4, 21), (3, 21), (1, 21)]","[(5, 21), (6, 21), (4, 21), (3, 21), (2, 21), (0, 0), (8, 0), (5, 0), (6, 0), (2, 0), (4, 0), (7, 0), (1, 0), (3, 0)]",447,1.6102470141470728,444.42138364779873,7.1562820604197865,0.2409450150000012,84.86739980135339,0.4037362280380435,0.34264043879195016
"[(7, 0), (1, 0), (3, 0), (2, 0), (8, 0), (8, 21), (5, 21), (0, 21), (3, 21), (6, 21), (7, 21), (2, 21), (4, 21), (1, 21)]","[(0, 21), (5, 21), (2, 21), (6, 21), (4, 21), (6, 0), (2, 0), (1, 0), (7, 0), (5, 0), (3, 0), (8, 0), (4, 0), (0, 0)]",453,1.612204920735128,444.475,7.165847821437461,0.295018958,84.78415201613775,0.403148567118919,0.34180609399698547
"[(6, 0), (4, 0), (8, 0), (0, 0), (7, 0), (0, 21), (6, 21), (1, 21), (4, 21), (8, 21), (3, 21), (5, 21), (7, 21), (2, 21)]","[(7, 21), (3, 21), (1, 21), (4, 21), (2, 21), (2, 0), (6, 0), (5, 0), (8, 0), (7, 0), (0, 0), (3, 0), (4, 0), (1, 0)]",440,1.6092362653439451,444.4472049689441,7.152205602667785,0.19171723200000024,84.88219385911671,0.4020118395107528,0.34123646895011833
"[(8, 0), (7, 0), (5, 0), (2, 0), (4, 0), (0, 21), (6, 21), (8, 21), (1, 21), (4, 21), (5, 21), (7, 21), (2, 21), (3, 21)]","[(8, 21), (6, 21), (2, 21), (4, 21), (0, 21), (3, 0), (8, 0), (6, 0), (7, 0), (4, 0), (2, 0), (5, 0), (0, 0), (1, 0)]",434,1.615026116384944,444.38271604938274,7.17689692089828,0.2116314810000013,84.94046584219824,0.40099376272727283,0.34060597005870463
"[(8, 0), (2, 0), (0, 0), (6, 0), (5, 0), (4, 21), (6, 21), (3, 21), (8, 21), (2, 21), (0, 21), (5, 21), (7, 21), (1, 21)]","[(4, 21), (6, 21), (1, 21), (8, 21), (0, 21), (7, 0), (4, 0), (5, 0), (8, 0), (2, 0), (6, 0), (1, 0), (0, 0), (3, 0)]",440,1.6120026954120723,444.3558282208589,7.163027928140883,0.18109326099999912,85.05622393679631,0.3998240792074469,0.3400752641639199
"[(4, 0), (5, 0), (8, 0), (6, 0), (3, 0), (6, 21), (1, 21), (4, 21), (7, 21), (3, 21), (2, 21), (0, 21), (5, 21), (8, 21)]","[(4, 21), (2, 21), (8, 21), (5, 21), (0, 21), (6, 0), (1, 0), (4, 0), (2, 0), (0, 0), (7, 0), (8, 0), (3, 0), (5, 0)]",447,1.6076897177925005,444.3719512195122,7.144122168510004,0.25125670399999933,85.04092331604319,0.39903800843915355,0.33934560675860653
"[(5, 0), (7, 0), (3, 0), (1, 0), (6, 0), (4, 21), (0, 21), (2, 21), (3, 21), (5, 21), (1, 21), (6, 21), (7, 21), (8, 21)]","[(1, 21), (6, 21), (3, 21), (2, 21), (7, 21), (3, 0), (8, 0), (4, 0), (0, 0), (6, 0), (2, 0), (5, 0), (7, 0), (1, 0)]",439,1.6056720346377416,444.3393939393939,7.134633387363676,0.22602396099999922,85.06896262624521,0.39812740818947373,0.3386828560775421
"[(1, 0), (5, 0), (6, 0), (2, 0), (4, 0), (2, 21), (1, 21), (5, 21), (6, 21), (4, 21), (7, 21), (3, 21), (0, 21), (8, 21)]","[(1, 21), (8, 21), (7, 21), (5, 21), (0, 21), (1, 0), (2, 0), (8, 0), (4, 0), (3, 0), (7, 0), (0, 0), (5, 0), (6, 0)]",433,1.6132102660981578,444.2710843373494,7.167026741835725,0.18368150599999922,85.17517790421692,0.3970046547748692,0.33814942099251705
"[(1, 0), (3, 0), (2, 0), (8, 0), (0, 0), (2, 21), (8, 21), (3, 21), (4, 21), (0, 21), (5, 21), (6, 21), (7, 21), (1, 21)]","[(3, 21), (7, 21), (5, 21), (0, 21), (8, 21), (1, 0), (3, 0), (5, 0), (2, 0), (4, 0), (0, 0), (6, 0), (7, 0), (8, 0)]",453,1.6153102448754724,444.32335329341316,7.177200646122742,0.2933249780000011,85.08961055128512,0.3964646564583334,0.3373502321538864
"[(8, 0), (5, 0), (2, 0), (6, 0), (1, 0), (4, 21), (0, 21), (5, 21), (7, 21), (3, 21), (6, 21), (2, 21), (1, 21), (8, 21)]","[(4, 21), (7, 21), (3, 21), (2, 21), (5, 21), (6, 0), (8, 0), (5, 0), (7, 0), (3, 0), (0, 0), (1, 0), (4, 0), (2, 0)]",445,1.6105236014791018,444.32738095238096,7.155997338072054,0.30082804599999946,84.99278279621069,0.39596912997927464,0.33654518258333005
"[(2, 0), (1, 0), (3, 0), (5, 0), (0, 0), (6, 21), (2, 21), (5, 21), (3, 21), (0, 21), (1, 21), (4, 21), (7, 21), (8, 21)]","[(6, 21), (0, 21), (5, 21), (3, 21), (1, 21), (7, 0), (1, 0), (3, 0), (6, 0), (0, 0), (4, 0), (2, 0), (5, 0), (8, 0)]",420,1.6602866836530716,444.1834319526627,7.374718371703262,0.11341999099999889,85.24083931055824,0.39451269111855675,0.3362859290961279
"[(5, 0), (8, 0), (3, 0), (2, 0), (4, 0), (7, 21), (0, 21), (6, 21), (3, 21), (4, 21), (5, 21), (1, 21), (8, 21), (2, 21)]","[(3, 21), (2, 21), (8, 21), (1, 21), (6, 21), (5, 0), (4, 0), (1, 0), (3, 0), (2, 0), (8, 0), (7, 0), (6, 0), (0, 0)]",447,1.6560445493288662,444.2,7.356149888118824,0.2942624630000008,85.15232902211952,0.3939985873846154,0.3354989734722508
"[(7, 0), (1, 0), (6, 0), (2, 0), (0, 0), (5, 21), (0, 21), (7, 21), (6, 21), (4, 21), (3, 21), (8, 21), (2, 21), (1, 21)]","[(6, 21), (4, 21), (8, 21), (1, 21), (2, 21), (4, 0), (2, 0), (0, 0), (3, 0), (8, 0), (1, 0), (7, 0), (5, 0), (6, 0)]",,1.6560445493288662,444.2,7.356149888118824,1.175869746,85.24050546053655,0.3979877259489797,0.3392467492698053
"[(2, 0), (7, 0), (4, 0), (0, 0), (5, 0), (1, 21), (6, 21), (8, 21), (2, 21), (7, 21), (0, 21), (4, 21), (5, 21), (3, 21)]","[(7, 21), (8, 21), (6, 21), (0, 21), (4, 21), (4, 0), (3, 0), (5, 0), (8, 0), (1, 0), (0, 0), (6, 0), (7, 0), (2, 0)]",442,1.651674828939972,444.187134502924,7.336527093974533,0.2456420149999996,85.23300704692221,0.3972143974670051,0.3385577753844421
"[(7, 0), (5, 0), (3, 0), (6, 0), (4, 0), (5, 21), (3, 21), (8, 21), (0, 21), (4, 21), (2, 21), (7, 21), (1, 21), (6, 21)]","[(6, 21), (3, 21), (2, 21), (8, 21), (5, 21), (5, 0), (7, 0), (3, 0), (4, 0), (2, 0), (6, 0), (8, 0), (1, 0), (0, 0)]",446,1.6471196541118247,444.19767441860466,7.316467198456491,0.2632916380000001,85.19615889211518,0.39653801989393944,0.33783516149648796
"[(5, 0), (6, 0), (3, 0), (1, 0), (0, 0), (1, 21), (0, 21), (2, 21), (8, 21), (3, 21), (6, 21), (5, 21), (4, 21), (7, 21)]","[(4, 21), (0, 21), (6, 21), (7, 21), (3, 21), (1, 0), (8, 0), (2, 0), (3, 0), (5, 0), (7, 0), (4, 0), (6, 0), (0, 0)]",453,1.6490194995213905,444.2485549132948,7.325745296862223,0.3007305139999996,85.1023237488075,0.3960565751407036,0.33705334880468063
"[(6, 0), (4, 0), (5, 0), (8, 0), (1, 0), (2, 21), (5, 21), (7, 21), (8, 21), (1, 21), (0, 21), (4, 21), (6, 21), (3, 21)]","[(8, 21), (2, 21), (6, 21), (7, 21), (5, 21), (2, 0), (5, 0), (8, 0), (3, 0), (7, 0), (1, 0), (0, 0), (4, 0), (6, 0)]",437,1.649048135014239,444.2068965517241,7.325185543190836,0.24434860599999908,85.0952619889731,0.395298035295,0.3363798987715436
"[(7, 0), (0, 0), (8, 0), (4, 0), (1, 0), (3, 21), (4, 21), (2, 21), (6, 21), (1, 21), (5, 21), (8, 21), (0, 21), (7, 21)]","[(7, 21), (5, 21), (3, 21), (2, 21), (4, 21), (7, 0), (3, 0), (1, 0), (0, 0), (6, 0), (5, 0), (8, 0), (4, 0), (2, 0)]",,1.649048135014239,444.2068965517241,7.325185543190836,1.1740433780000004,85.17277560980176,0.3991723902338309,0.339986204230143
"[(8, 0), (1, 0), (3, 0), (5, 0), (2, 0), (7, 21), (3, 21), (5, 21), (6, 21), (0, 21), (8, 21), (4, 21), (1, 21), (2, 21)]","[(0, 21), (7, 21), (8, 21), (1, 21), (2, 21), (8, 0), (6, 0), (1, 0), (5, 0), (0, 0), (2, 0), (4, 0), (3, 0), (7, 0)]",449,1.6462385722935235,444.2342857142857,7.31315616278119,0.23729670400000025,85.1803562220597,0.3983710254504951,0.3393338585642038
"[(5, 0), (6, 0), (4, 0), (3, 0), (0, 0), (3, 21), (1, 21), (5, 21), (2, 21), (7, 21), (0, 21), (8, 21), (4, 21), (6, 21)]","[(6, 21), (0, 21), (5, 21), (2, 21), (3, 21), (5, 0), (1, 0), (7, 0), (6, 0), (4, 0), (2, 0), (3, 0), (8, 0), (0, 0)]",441,1.6425349260074944,444.21590909090907,7.296401453699881,0.22711800900000156,85.20401346334539,0.3975274145320198,0.338709311798351
"[(3, 0), (1, 0), (0, 0), (6, 0), (7, 0), (8, 21), (6, 21), (4, 21), (7, 21), (3, 21), (1, 21), (0, 21), (5, 21), (2, 21)]","[(1, 21), (2, 21), (4, 21), (3, 21), (0, 21), (2, 0), (8, 0), (7, 0), (4, 0), (0, 0), (5, 0), (3, 0), (1, 0), (6, 0)]",444,1.6378969737817308,444.2146892655367,7.275778952574145,0.9387049629999993,84.95812853566848,0.40018024565196086,0.33998564747534676
"[(3, 0), (6, 0), (4, 0), (0, 0), (8, 0), (2, 21), (4, 21), (3, 21), (8, 21), (7, 21), (0, 21), (1, 21), (6, 21), (5, 21)]","[(7, 21), (4, 21), (8, 21), (0, 21), (5, 21), (6, 0), (0, 0), (5, 0), (8, 0), (4, 0), (1, 0), (2, 0), (3, 0), (7, 0)]",437,1.637944072429201,444.1741573033708,7.275324280812917,0.20842737799999966,85.01510271390447,0.3992448658097562,0.3394184327481543
"[(7, 0), (5, 0), (1, 0), (2, 0), (0, 0), (3, 21), (6, 21), (1, 21), (8, 21), (0, 21), (2, 21), (4, 21), (5, 21), (7, 21)]","[(2, 21), (0, 21), (8, 21), (6, 21), (3, 21), (3, 0), (4, 0), (2, 0), (1, 0), (7, 0), (0, 0), (8, 0), (5, 0), (6, 0)]",449,1.6352693471542334,444.20111731843576,7.263884711224995,0.3161064840000005,84.90668322004873,0.3988412814320389,0.3386429033762843
"[(1, 0), (6, 0), (4, 0), (5, 0), (0, 0), (3, 21), (1, 21), (6, 21), (7, 21), (8, 21), (2, 21), (0, 21), (5, 21), (4, 21)]","[(6, 21), (4, 21), (7, 21), (0, 21), (1, 21), (4, 0), (3, 0), (7, 0), (8, 0), (0, 0), (5, 0), (6, 0), (2, 0), (1, 0)]",444,1.6307281801105424,444.2,7.24369457605103,0.2661303789999998,84.86918399455602,0.3982001659613527,0.33794923151636785
"[(8, 0), (0, 0), (2, 0), (6, 0), (5, 0), (6, 21), (5, 21), (8, 21), (2, 21), (3, 21), (7, 21), (1, 21), (0, 21), (4, 21)]","[(0, 21), (4, 21), (3, 21), (8, 21), (1, 21), (2, 0), (8, 0), (4, 0), (6, 0), (5, 0), (0, 0), (7, 0), (1, 0), (3, 0)]",459,1.6445606419038552,444.2817679558011,7.30648309495572,0.43711854700000075,84.62785956156921,0.39838727356250003,0.33714662238163706
"[(2, 0), (8, 0), (6, 0), (0, 0), (7, 0), (3, 21), (4, 21), (8, 21), (6, 21), (1, 21), (2, 21), (0, 21), (5, 21), (7, 21)]","[(5, 21), (6, 21), (7, 21), (1, 21), (4, 21), (6, 0), (4, 0), (2, 0), (8, 0), (0, 0), (7, 0), (3, 0), (1, 0), (5, 0)]",438,1.643491120086101,444.24725274725273,7.301164150127557,0.21121359700000042,84.6777401693049,0.39749170573205744,0.3365869937743296
"[(1, 0), (7, 0), (0, 0), (8, 0), (4, 0), (2, 21), (1, 21), (8, 21), (6, 21), (7, 21), (4, 21), (0, 21), (5, 21), (3, 21)]","[(0, 21), (1, 21), (8, 21), (4, 21), (6, 21), (2, 0), (7, 0), (4, 0), (0, 0), (6, 0), (8, 0), (5, 0), (3, 0), (1, 0)]",447,1.6395754839855754,444.26229508196724,7.284015674755589,0.22471367899999883,84.70419396440614,0.3966689532238095,0.3359952395352751
"[(8, 0), (7, 0), (0, 0), (2, 0), (3, 0), (8, 21), (3, 21), (2, 21), (7, 21), (5, 21), (1, 21), (0, 21), (6, 21), (4, 21)]","[(7, 21), (8, 21), (2, 21), (1, 21), (3, 21), (5, 0), (6, 0), (4, 0), (1, 0), (0, 0), (3, 0), (2, 0), (7, 0), (8, 0)]",430,1.6523493271328258,444.1847826086956,7.339484266661187,0.17187225400000017,84.82063580427534,0.39560356602369673,0.33555345996568575
"[(7, 0), (8, 0), (1, 0), (3, 0), (0, 0), (3, 21), (0, 21), (1, 21), (4, 21), (8, 21), (6, 21), (2, 21), (7, 21), (5, 21)]","[(5, 21), (7, 21), (6, 21), (0, 21), (2, 21), (2, 0), (6, 0), (5, 0), (8, 0), (4, 0), (7, 0), (0, 0), (3, 0), (1, 0)]",436,1.6535715720715252,444.14054054054054,7.344181718423185,0.2226769639999997,84.84828607665797,0.39478787450471703,0.3349707451557198
"[(0, 0), (6, 0), (3, 0), (4, 0), (5, 0), (4, 21), (3, 21), (5, 21), (7, 21), (2, 21), (8, 21), (0, 21), (1, 21), (6, 21)]","[(1, 21), (7, 21), (2, 21), (0, 21), (6, 21), (6, 0), (2, 0), (5, 0), (1, 0), (0, 0), (8, 0), (4, 0), (7, 0), (3, 0)]",434,1.6577541563785103,444.0860215053763,7.361854479401342,0.1842247050000001,84.9400499804872,0.39379931502347415,0.3344933350037552
"[(0, 0), (7, 0), (6, 0), (8, 0), (4, 0), (2, 21), (8, 21), (0, 21), (3, 21), (4, 21), (5, 21), (1, 21), (7, 21), (6, 21)]","[(0, 21), (1, 21), (5, 21), (2, 21), (8, 21), (4, 0), (5, 0), (0, 0), (6, 0), (2, 0), (3, 0), (8, 0), (1, 0), (7, 0)]",446,1.653576380978538,444.096256684492,7.3434708093445815,0.2514353790000001,84.92067540543147,0.39313406298598136,0.33385210153650974
"[(3, 0), (5, 0), (4, 0), (0, 0), (6, 0), (1, 21), (0, 21), (8, 21), (3, 21), (7, 21), (2, 21), (5, 21), (6, 21), (4, 21)]","[(1, 21), (5, 21), (7, 21), (3, 21), (6, 21), (2, 0), (3, 0), (7, 0), (6, 0), (1, 0), (8, 0), (0, 0), (4, 0), (5, 0)]",433,1.659377507593466,444.03723404255317,7.3682539870422845,0.19393218100000098,84.99338214092363,0.3922075426046512,0.333350455471497
"[(1, 0), (3, 0), (4, 0), (6, 0), (7, 0), (0, 21), (3, 21), (7, 21), (1, 21), (4, 21), (2, 21), (5, 21), (6, 21), (8, 21)]","[(7, 21), (5, 21), (0, 21), (3, 21), (2, 21), (3, 0), (5, 0), (0, 0), (2, 0), (1, 0), (8, 0), (4, 0), (7, 0), (6, 0)]",455,1.6644281417768751,444.0952380952381,7.39164611914816,0.576207265999999,84.67228931090338,0.3930593931759259,0.33281238655360124
"[(8, 0), (2, 0), (0, 0), (6, 0), (4, 0), (6, 21), (4, 21), (0, 21), (2, 21), (3, 21), (5, 21), (8, 21), (7, 21), (1, 21)]","[(2, 21), (6, 21), (4, 21), (8, 21), (5, 21), (5, 0), (3, 0), (2, 0), (7, 0), (8, 0), (0, 0), (6, 0), (4, 0), (1, 0)]",450,1.6627113729755727,444.12631578947367,7.384538763008985,0.22453073600000018,84.69420671930999,0.39228276341935486,0.33224077457461015
"[(2, 0), (3, 0), (7, 0), (1, 0), (8, 0), (8, 21), (7, 21), (6, 21), (5, 21), (2, 21), (3, 21), (1, 21), (4, 21), (0, 21)]","[(4, 21), (5, 21), (3, 21), (8, 21), (1, 21), (0, 0), (5, 0), (2, 0), (6, 0), (4, 0), (8, 0), (7, 0), (3, 0), (1, 0)]",,1.6627113729755727,444.12631578947367,7.384538763008985,1.2387346820000005,84.90804773245395,0.39616557038532113,0.33637645160231694
"[(7, 0), (5, 0), (0, 0), (6, 0), (1, 0), (3, 21), (5, 21), (7, 21), (8, 21), (0, 21), (1, 21), (6, 21), (2, 21), (4, 21)]","[(6, 21), (2, 21), (3, 21), (1, 21), (0, 21), (1, 0), (7, 0), (5, 0), (4, 0), (0, 0), (8, 0), (2, 0), (6, 0), (3, 0)]",,1.6627113729755727,444.12631578947367,7.384538763008985,1.1064202009999988,84.87708823843656,0.3994087422146119,0.33900651056152575
"[(7, 0), (3, 0), (8, 0), (0, 0), (5, 0), (7, 21), (1, 21), (0, 21), (5, 21), (6, 21), (4, 21), (2, 21), (8, 21), (3, 21)]","[(6, 21), (1, 21), (0, 21), (5, 21), (2, 21), (7, 0), (1, 0), (0, 0), (8, 0), (4, 0), (5, 0), (3, 0), (6, 0), (2, 0)]",443,1.6584760228559845,444.12041884816756,7.365630659204429,1.2299431739999989,85.02769758856695,0.4031838987227273,0.3428179861317546
"[(6, 0), (3, 0), (7, 0), (2, 0), (0, 0), (2, 21), (6, 21), (4, 21), (1, 21), (5, 21), (8, 21), (0, 21), (7, 21), (3, 21)]","[(2, 21), (8, 21), (6, 21), (4, 21), (0, 21), (1, 0), (3, 0), (7, 0), (6, 0), (4, 0), (8, 0), (2, 0), (0, 0), (5, 0)]",452,1.6589206305602417,444.1614583333333,7.368286065288898,0.5198997730000006,84.74634565343283,0.40371202485067875,0.3421311880244289
"[(5, 0), (8, 0), (6, 0), (0, 0), (3, 0), (8, 21), (7, 21), (6, 21), (5, 21), (2, 21), (0, 21), (3, 21), (1, 21), (4, 21)]","[(5, 21), (7, 21), (6, 21), (2, 21), (1, 21), (4, 0), (1, 0), (3, 0), (5, 0), (6, 0), (7, 0), (2, 0), (8, 0), (0, 0)]",445,1.6546566575927755,444.1658031088083,7.349419031890315,0.27730379000000127,84.70071727513987,0.4031426183873874,0.341464689415897
"[(3, 0), (8, 0), (2, 0), (0, 0), (6, 0), (7, 21), (8, 21), (6, 21), (2, 21), (5, 21), (0, 21), (1, 21), (4, 21), (3, 21)]","[(8, 21), (0, 21), (2, 21), (1, 21), (4, 21), (4, 0), (8, 0), (3, 0), (7, 0), (6, 0), (2, 0), (5, 0), (1, 0), (0, 0)]",447,1.6509647140496995,444.180412371134,7.333261874967868,0.3629227540000013,84.5510472658778,0.4029622602511211,0.3407088111285749
"[(8, 0), (7, 0), (4, 0), (3, 0), (5, 0), (6, 21), (1, 21), (5, 21), (7, 21), (0, 21), (4, 21), (3, 21), (2, 21), (8, 21)]","[(1, 21), (4, 21), (6, 21), (7, 21), (8, 21), (0, 0), (4, 0), (8, 0), (5, 0), (3, 0), (2, 0), (7, 0), (1, 0), (6, 0)]",439,1.648930433819741,444.15384615384613,7.3237879422116805,0.25661706700000053,84.53389702872335,0.40230893349553576,0.3400874195784713
"[(4, 0), (0, 0), (3, 0), (8, 0), (7, 0), (4, 21), (0, 21), (3, 21), (8, 21), (6, 21), (1, 21), (7, 21), (5, 21), (2, 21)]","[(4, 21), (1, 21), (7, 21), (0, 21), (3, 21), (0, 0), (3, 0), (1, 0), (4, 0), (8, 0), (6, 0), (2, 0), (7, 0), (5, 0)]",451,1.6482511940316844,444.1887755102041,7.321346796101657,0.23879053900000002,84.54187519260489,0.40158218507555565,0.33950510970231185
"[(2, 0), (0, 0), (7, 0), (5, 0), (3, 0), (4, 21), (5, 21), (1, 21), (0, 21), (6, 21), (7, 21), (8, 21), (2, 21), (3, 21)]","[(4, 21), (0, 21), (3, 21), (1, 21), (6, 21), (0, 0), (5, 0), (7, 0), (8, 0), (2, 0), (1, 0), (3, 0), (4, 0), (6, 0)]",455,1.6529321551912317,444.24365482233503,7.343046217955119,0.32570055599999925,84.43454567140421,0.4012464256548673,0.3387905965244358
"[(6, 0), (5, 0), (3, 0), (8, 0), (0, 0), (3, 21), (7, 21), (2, 21), (1, 21), (4, 21), (0, 21), (6, 21), (5, 21), (8, 21)]","[(5, 21), (7, 21), (6, 21), (8, 21), (1, 21), (5, 0), (1, 0), (0, 0), (4, 0), (3, 0), (6, 0), (2, 0), (7, 0), (8, 0)]",,1.6529321551912317,444.24365482233503,7.343046217955119,1.119067244,84.41209217412172,0.40440863190308374,0.34136978712213567
"[(1, 0), (2, 0), (8, 0), (4, 0), (0, 0), (0, 21), (2, 21), (4, 21), (6, 21), (1, 21), (8, 21), (7, 21), (3, 21), (5, 21)]","[(3, 21), (1, 21), (2, 21), (0, 21), (7, 21), (0, 0), (3, 0), (2, 0), (4, 0), (6, 0), (5, 0), (7, 0), (8, 0), (1, 0)]",438,1.6518774448207565,444.2121212121212,7.337839837462869,0.18232737099999952,84.50845496965145,0.4034345912850878,0.3409363399081558
"[(4, 0), (2, 0), (3, 0), (8, 0), (1, 0), (2, 21), (0, 21), (6, 21), (7, 21), (3, 21), (8, 21), (4, 21), (5, 21), (1, 21)]","[(1, 21), (4, 21), (8, 21), (5, 21), (2, 21), (0, 0), (6, 0), (4, 0), (1, 0), (3, 0), (7, 0), (2, 0), (5, 0), (8, 0)]",443,1.6478573316126333,444.20603015075375,7.31988163530462,0.30234196800000035,84.4323114899057,0.40299313878165943,0.34025642221907865
"[(2, 0), (6, 0), (3, 0), (0, 0), (5, 0), (6, 21), (3, 21), (1, 21), (5, 21), (2, 21), (0, 21), (8, 21), (7, 21), (4, 21)]","[(2, 21), (4, 21), (6, 21), (7, 21), (8, 21), (5, 0), (6, 0), (4, 0), (8, 0), (0, 0), (1, 0), (3, 0), (2, 0), (7, 0)]",445,1.643766182010448,444.21,7.301773757108611,0.26176894299999987,84.40871679560897,0.4023791205391305,0.3396430523005367
"[(7, 0), (3, 0), (4, 0), (2, 0), (1, 0), (7, 21), (2, 21), (6, 21), (3, 21), (0, 21), (4, 21), (1, 21), (8, 21), (5, 21)]","[(8, 21), (5, 21), (7, 21), (6, 21), (1, 21), (6, 0), (3, 0), (4, 0), (5, 0), (7, 0), (2, 0), (1, 0), (0, 0), (8, 0)]",441,1.6405191899969167,444.1940298507463,7.287088300522126,0.23060624899999915,84.42845870483464,0.4016355150346321,0.33909467495496426
"[(1, 0), (4, 0), (0, 0), (3, 0), (8, 0), (4, 21), (3, 21), (6, 21), (2, 21), (8, 21), (7, 21), (5, 21), (1, 21), (0, 21)]","[(3, 21), (8, 21), (5, 21), (2, 21), (0, 21), (6, 0), (4, 0), (0, 0), (2, 0), (8, 0), (7, 0), (5, 0), (3, 0), (1, 0)]",446,1.6366692915312426,444.2029702970297,7.2701336069211315,0.2383512250000006,84.43635680591758,0.40093170343965523,0.3385321236643506
"[(6, 0), (4, 0), (8, 0), (7, 0), (3, 0), (0, 21), (3, 21), (2, 21), (8, 21), (6, 21), (4, 21), (7, 21), (5, 21), (1, 21)]","[(1, 21), (6, 21), (8, 21), (0, 21), (2, 21), (0, 0), (2, 0), (8, 0), (7, 0), (3, 0), (5, 0), (6, 0), (4, 0), (1, 0)]",451,1.6360209403167167,444.23645320197045,7.267801398904508,0.45037057800000113,84.21425559017909,0.40114388745064383,0.33782033866206557
"[(6, 0), (7, 0), (2, 0), (5, 0), (4, 0), (6, 21), (3, 21), (2, 21), (7, 21), (5, 21), (4, 21), (8, 21), (0, 21), (1, 21)]","[(6, 21), (1, 21), (8, 21), (2, 21), (3, 21), (1, 0), (0, 0), (2, 0), (6, 0), (4, 0), (8, 0), (3, 0), (7, 0), (5, 0)]",446,1.6322099000986516,444.2450980392157,7.25101247089904,0.1946938739999986,84.28652940819737,0.40026162243589747,0.3373666301041606
"[(3, 0), (0, 0), (7, 0), (6, 0), (4, 0), (6, 21), (2, 21), (5, 21), (8, 21), (7, 21), (4, 21), (0, 21), (3, 21), (1, 21)]","[(1, 21), (5, 21), (0, 21), (4, 21), (3, 21), (8, 0), (7, 0), (5, 0), (6, 0), (0, 0), (1, 0), (3, 0), (2, 0), (4, 0)]",441,1.6290772937674387,444.22926829268295,7.236838142025334,0.2047964769999986,84.34232345539499,0.3994298558595745,0.3368884210065003
"[(1, 0), (3, 0), (4, 0), (2, 0), (6, 0), (3, 21), (4, 21), (0, 21), (7, 21), (2, 21), (5, 21), (1, 21), (6, 21), (8, 21)]","[(4, 21), (6, 21), (5, 21), (1, 21), (2, 21), (4, 0), (6, 0), (0, 0), (3, 0), (7, 0), (1, 0), (8, 0), (5, 0), (2, 0)]",443,1.6252540511591493,444.22330097087377,7.2197571952220265,0.18770517099999928,84.42346120117588,0.39853271736440676,0.3364551140181319
"[(0, 0), (2, 0), (7, 0), (1, 0), (6, 0), (5, 21), (7, 21), (8, 21), (1, 21), (4, 21), (6, 21), (0, 21), (3, 21), (2, 21)]","[(0, 21), (8, 21), (3, 21), (7, 21), (1, 21), (6, 0), (2, 0), (1, 0), (5, 0), (8, 0), (7, 0), (4, 0), (0, 0), (3, 0)]",,1.6252540511591493,444.22330097087377,7.2197571952220265,1.2190734279999997,84.56109320810607,0.4019949144556962,0.3399312943047275
"[(8, 0), (3, 0), (1, 0), (0, 0), (2, 0), (3, 21), (1, 21), (2, 21), (8, 21), (5, 21), (4, 21), (6, 21), (0, 21), (7, 21)]","[(1, 21), (4, 21), (5, 21), (7, 21), (2, 21), (7, 0), (6, 0), (4, 0), (5, 0), (1, 0), (0, 0), (8, 0), (2, 0), (3, 0)]",433,1.6309589636452984,444.1690821256039,7.244215458668583,0.1385070989999999,84.72302588253682,0.40088782279411767,0.33964429386579864
"[(6, 0), (8, 0), (0, 0), (1, 0), (7, 0), (5, 21), (6, 21), (0, 21), (3, 21), (1, 21), (8, 21), (4, 21), (7, 21), (2, 21)]","[(4, 21), (6, 21), (0, 21), (2, 21), (3, 21), (3, 0), (4, 0), (6, 0), (8, 0), (7, 0), (5, 0), (1, 0), (0, 0), (2, 0)]",,1.6309589636452984,444.1690821256039,7.244215458668583,1.2040661999999998,84.81795684463887,0.4042484017782427,0.3428752349654123
"[(0, 0), (5, 0), (7, 0), (3, 0), (2, 0), (2, 21), (1, 21), (8, 21), (7, 21), (4, 21), (0, 21), (3, 21), (5, 21), (6, 21)]","[(0, 21), (7, 21), (6, 21), (4, 21), (1, 21), (5, 0), (3, 0), (4, 0), (0, 0), (6, 0), (1, 0), (2, 0), (8, 0), (7, 0)]",435,1.633449498687116,444.125,7.254557586044153,0.23921686399999942,84.8261997453418,0.4035607703708333,0.34232526516860323
"[(3, 0), (7, 0), (5, 0), (4, 0), (0, 0), (5, 21), (8, 21), (1, 21), (3, 21), (2, 21), (0, 21), (7, 21), (4, 21), (6, 21)]","[(1, 21), (5, 21), (8, 21), (3, 21), (7, 21), (8, 0), (1, 0), (5, 0), (4, 0), (6, 0), (3, 0), (7, 0), (2, 0), (0, 0)]",446,1.629764513834601,444.13397129186603,7.238337857999187,0.2638313639999996,84.80111658615672,0.4029809803029045,0.34173237092670333
"[(7, 0), (1, 0), (6, 0), (8, 0), (0, 0), (0, 21), (8, 21), (5, 21), (4, 21), (7, 21), (6, 21), (2, 21), (3, 21), (1, 21)]","[(2, 21), (3, 21), (4, 21), (8, 21), (7, 21), (7, 0), (2, 0), (6, 0), (1, 0), (0, 0), (4, 0), (3, 0), (5, 0), (8, 0)]",457,1.6378385715330506,444.1952380952381,7.27520094243688,1.135106166,84.78794510111571,0.4060062909876033,0.3442443911096452
"[(2, 0), (4, 0), (7, 0), (5, 0), (3, 0), (2, 21), (6, 21), (4, 21), (5, 21), (3, 21), (1, 21), (0, 21), (7, 21), (8, 21)]","[(3, 21), (2, 21), (7, 21), (1, 21), (8, 21), (2, 0), (4, 0), (7, 0), (8, 0), (3, 0), (1, 0), (6, 0), (5, 0), (0, 0)]",435,1.640287423278365,444.1516587677725,7.285363799050013,0.16973474299999936,84.89859603177567,0.405033980090535,0.34386816254848596
