index,starts,goals,Cost,Cost_var,Cost_mean,Cost_std,Computation time,Computation time_var,Computation time_mean,Computation time_std
0,"[(2, 0), (1, 0), (8, 0), (7, 0), (3, 21), (5, 21), (1, 21), (2, 21)]","[(3, 21), (8, 21), (4, 21), (2, 21), (8, 0), (2, 0), (5, 0), (0, 0)]",240,0.0,240.0,0.0,0.09790000399999998,0.0,0.09790000399999998,0.0
1,"[(0, 0), (5, 0), (1, 0), (8, 0), (5, 21), (2, 21), (6, 21), (4, 21)]","[(4, 21), (7, 21), (3, 21), (2, 21), (7, 0), (1, 0), (6, 0), (5, 0)]",224,3.4482758620689653,232.0,8.0,0.09272565499999999,2.7144032063385524,0.09531282949999999,0.0025871744999999974
2,"[(8, 0), (2, 0), (4, 0), (1, 0), (6, 21), (2, 21), (8, 21), (4, 21)]","[(0, 21), (8, 21), (3, 21), (6, 21), (8, 0), (6, 0), (4, 0), (1, 0)]",232,2.8155054514749174,232.0,6.531972647421808,0.089924734,3.5326277576011234,0.09351679766666665,0.003303600352392346
3,"[(8, 0), (5, 0), (4, 0), (7, 0), (6, 21), (1, 21), (5, 21), (7, 21)]","[(4, 21), (5, 21), (7, 21), (3, 21), (6, 0), (4, 0), (2, 0), (8, 0)]",224,2.8840215568307825,230.0,6.6332495807108,0.088462612,3.9045561221984983,0.09225325124999999,0.0036020799696090374
4,"[(2, 0), (4, 0), (5, 0), (1, 0), (0, 21), (1, 21), (8, 21), (3, 21)]","[(1, 21), (8, 21), (3, 21), (7, 21), (3, 0), (1, 0), (6, 0), (7, 0)]",232,2.5983731852596814,230.4,5.986651818838306,0.07822625700000001,7.233276431675728,0.0894478524,0.006470010426289292
5,"[(4, 0), (6, 0), (3, 0), (2, 0), (6, 21), (1, 21), (7, 21), (2, 21)]","[(8, 21), (1, 21), (6, 21), (5, 21), (2, 0), (0, 0), (1, 0), (7, 0)]",240,2.8155054514749174,232.0,6.531972647421808,0.081915233,7.415014191298296,0.08819241583333333,0.006539480149690471
6,"[(8, 0), (2, 0), (4, 0), (1, 0), (7, 21), (5, 21), (3, 21), (8, 21)]","[(5, 21), (2, 21), (1, 21), (4, 21), (1, 0), (8, 0), (3, 0), (0, 0)]",248,3.517611000452672,234.28571428571428,8.241260058203403,0.078057553,8.088827363326095,0.08674457828571429,0.007016619184576682
7,"[(7, 0), (4, 0), (0, 0), (1, 0), (3, 21), (2, 21), (1, 21), (8, 21)]","[(0, 21), (8, 21), (7, 21), (4, 21), (6, 0), (7, 0), (0, 0), (3, 0)]",256,4.4454235244104385,237.0,10.535653752852738,0.09987763700000002,8.904579981314278,0.088386210625,0.007870420817556022
8,"[(6, 0), (4, 0), (0, 0), (8, 0), (1, 21), (3, 21), (2, 21), (5, 21)]","[(1, 21), (7, 21), (6, 21), (0, 21), (6, 0), (5, 0), (1, 0), (2, 0)]",232,4.253273871798782,236.44444444444446,10.056629776875342,0.105702875,10.18935100172439,0.09031028444444444,0.009202031872700146
9,"[(3, 0), (1, 0), (8, 0), (7, 0), (5, 21), (3, 21), (0, 21), (6, 21)]","[(8, 21), (4, 21), (3, 21), (0, 21), (1, 0), (3, 0), (5, 0), (7, 0)]",248,4.272248330117683,237.6,10.150862032359615,0.07470264000000001,11.162017034037023,0.08874952,0.009906236540026094
10,"[(8, 0), (5, 0), (6, 0), (0, 0), (8, 21), (3, 21), (1, 21), (7, 21)]","[(1, 21), (6, 21), (2, 21), (8, 21), (7, 0), (0, 0), (4, 0), (8, 0)]",240,4.080019591475943,237.8181818181818,9.703028410273696,0.066606314,13.131859820934658,0.08673650127272726,0.01139011576071775
11,"[(1, 0), (2, 0), (5, 0), (8, 0), (1, 21), (2, 21), (8, 21), (0, 21)]","[(1, 21), (0, 21), (3, 21), (8, 21), (0, 0), (4, 0), (7, 0), (8, 0)]",264,4.906533814626581,240.0,11.775681155103795,0.08585722999999998,12.586552790177159,0.08666322866666666,0.010907913025801944
12,"[(8, 0), (5, 0), (3, 0), (4, 0), (8, 21), (0, 21), (3, 21), (6, 21)]","[(4, 21), (3, 21), (0, 21), (2, 21), (6, 0), (5, 0), (4, 0), (7, 0)]",256,5.011959873568496,241.23076923076923,12.09038935654677,0.09911438599999997,12.545670388400602,0.08762100999999999,0.010992643105587526
13,"[(1, 0), (4, 0), (3, 0), (0, 0), (8, 21), (5, 21), (7, 21), (0, 21)]","[(0, 21), (4, 21), (7, 21), (6, 21), (7, 0), (1, 0), (6, 0), (3, 0)]",248,4.873647311604799,241.71428571428572,11.78030178747903,0.09128690799999997,12.101069766570062,0.08788285985714285,0.010634766184169852
14,"[(5, 0), (7, 0), (8, 0), (1, 0), (2, 21), (7, 21), (1, 21), (8, 21)]","[(5, 21), (1, 21), (4, 21), (8, 21), (2, 0), (3, 0), (6, 0), (0, 0)]",248,4.744638596594277,242.13333333333333,11.48835158855361,0.09239565899999996,11.720582039203627,0.08818371313333333,0.010335644443008316
15,"[(4, 0), (5, 0), (3, 0), (0, 0), (2, 21), (0, 21), (5, 21), (7, 21)]","[(1, 21), (8, 21), (4, 21), (5, 21), (6, 0), (8, 0), (2, 0), (3, 0)]",240,4.601458151099191,242.0,11.135528725660043,0.07359457799999997,12.160005631690565,0.08727189218749999,0.010612267004882917
16,"[(7, 0), (2, 0), (6, 0), (4, 0), (1, 21), (7, 21), (2, 21), (4, 21)]","[(7, 21), (2, 21), (5, 21), (6, 21), (2, 0), (1, 0), (0, 0), (8, 0)]",264,4.923760952169384,243.2941176470588,11.979220763630924,0.13258694999999998,16.479956532931723,0.08993748382352941,0.014821658240930145
17,"[(5, 0), (0, 0), (8, 0), (6, 0), (5, 21), (0, 21), (1, 21), (4, 21)]","[(4, 21), (6, 21), (7, 21), (3, 21), (3, 0), (2, 0), (7, 0), (5, 0)]",240,4.798685465596595,243.11111111111111,11.666137554139278,0.07597373299999999,16.548496569676818,0.0891617198888889,0.014754924157277631
18,"[(8, 0), (0, 0), (4, 0), (1, 0), (0, 21), (6, 21), (5, 21), (8, 21)]","[(5, 21), (2, 21), (8, 21), (6, 21), (4, 0), (6, 0), (3, 0), (7, 0)]",248,4.6872723820567685,243.3684210526316,11.407340786647632,0.10471328699999999,16.420572788304074,0.08998022342105264,0.014775268081932578
19,"[(7, 0), (5, 0), (6, 0), (4, 0), (3, 21), (1, 21), (2, 21), (4, 21)]","[(0, 21), (1, 21), (8, 21), (3, 21), (6, 0), (2, 0), (8, 0), (7, 0)]",240,4.581706670126355,243.2,11.142710621747295,0.07781148699999998,16.384723779245938,0.0893717866,0.014643320370987136
20,"[(1, 0), (2, 0), (8, 0), (6, 0), (4, 21), (8, 21), (6, 21), (0, 21)]","[(4, 21), (7, 21), (6, 21), (0, 21), (3, 0), (0, 0), (7, 0), (4, 0)]",256,4.5981059279881755,243.8095238095238,11.210620167285455,0.13584884999999997,18.980558631967014,0.09158498009523809,0.017383340845051987
21,"[(1, 0), (6, 0), (0, 0), (8, 0), (0, 21), (5, 21), (8, 21), (7, 21)]","[(7, 21), (6, 21), (1, 21), (0, 21), (5, 0), (7, 0), (8, 0), (0, 0)]",248,4.503113242842959,244.0,10.987596312536821,0.07698743600000002,18.976503773043515,0.09092145536363637,0.01725371340758653
22,"[(4, 0), (8, 0), (5, 0), (7, 0), (1, 21), (3, 21), (7, 21), (5, 21)]","[(3, 21), (0, 21), (8, 21), (5, 21), (5, 0), (7, 0), (2, 0), (4, 0)]",248,4.413656234994208,244.17391304347825,10.776997137272813,0.080099949,18.8147909937462,0.09045095508695652,0.017018158151458115
23,"[(5, 0), (7, 0), (0, 0), (3, 0), (4, 21), (2, 21), (6, 21), (3, 21)]","[(3, 21), (6, 21), (1, 21), (2, 21), (8, 0), (2, 0), (4, 0), (5, 0)]",232,4.443332905311003,243.66666666666666,10.826921179274477,0.08636658799999997,18.475496330519977,0.09028077312499998,0.016679820925874438
24,"[(0, 0), (6, 0), (7, 0), (2, 0), (8, 21), (4, 21), (2, 21), (7, 21)]","[(4, 21), (6, 21), (1, 21), (0, 21), (0, 0), (7, 0), (4, 0), (3, 0)]",256,4.456094364351245,244.16,10.88,0.08090133400000005,18.292353667632085,0.08990559555999997,0.016445849506826125
25,"[(3, 0), (4, 0), (2, 0), (6, 0), (1, 21), (2, 21), (5, 21), (3, 21)]","[(2, 21), (1, 21), (8, 21), (0, 21), (0, 0), (1, 0), (6, 0), (4, 0)]",240,4.384700794631453,244.0,10.698669938900744,0.099786351,17.98519004054392,0.0902856246153846,0.01623804116636902
26,"[(0, 0), (1, 0), (5, 0), (2, 0), (4, 21), (3, 21), (2, 21), (8, 21)]","[(5, 21), (1, 21), (7, 21), (8, 21), (2, 0), (5, 0), (7, 0), (4, 0)]",240,4.316481085864305,243.85185185185185,10.52581906271503,0.10159398299999994,17.724570659974713,0.09070445270370368,0.016076974811211304
27,"[(6, 0), (3, 0), (0, 0), (1, 0), (3, 21), (7, 21), (4, 21), (2, 21)]","[(2, 21), (4, 21), (8, 21), (5, 21), (5, 0), (4, 0), (2, 0), (3, 0)]",232,4.341136621809139,243.42857142857142,10.567566862232532,0.08948872199999997,17.415296518049765,0.09066103374999998,0.015788887853891667
28,"[(7, 0), (3, 0), (2, 0), (6, 0), (2, 21), (5, 21), (7, 21), (8, 21)]","[(2, 21), (7, 21), (8, 21), (6, 21), (6, 0), (1, 0), (2, 0), (7, 0)]",240,4.275443908155283,243.31034482758622,10.402597315842646,0.09606970299999995,17.111784436607632,0.09084753958620687,0.015545635139953504
29,"[(7, 0), (0, 0), (6, 0), (3, 0), (7, 21), (2, 21), (6, 21), (4, 21)]","[(2, 21), (8, 21), (1, 21), (6, 21), (8, 0), (5, 0), (6, 0), (0, 0)]",232,4.29225352272605,242.93333333333334,10.427314557875816,0.106616516,17.01182797861226,0.0913731721333333,0.015544246861923936
30,"[(6, 0), (0, 0), (7, 0), (3, 0), (7, 21), (6, 21), (5, 21), (0, 21)]","[(1, 21), (8, 21), (4, 21), (2, 21), (3, 0), (8, 0), (2, 0), (5, 0)]",248,4.235655486891721,243.09677419354838,10.29674185458581,0.06701426999999993,17.536216796132717,0.09058740109677417,0.015885603046312625
31,"[(4, 0), (3, 0), (5, 0), (8, 0), (1, 21), (0, 21), (2, 21), (6, 21)]","[(8, 21), (0, 21), (1, 21), (3, 21), (4, 0), (1, 0), (2, 0), (3, 0)]",248,4.181057678686124,243.25,10.170422803403996,0.08336663099999997,17.358910560074253,0.09036175203124999,0.015685815715620766
32,"[(6, 0), (3, 0), (1, 0), (8, 0), (5, 21), (4, 21), (7, 21), (6, 21)]","[(2, 21), (8, 21), (5, 21), (1, 21), (1, 0), (4, 0), (2, 0), (7, 0)]",224,4.34536726691939,242.66666666666666,10.54475790105772,0.06023893199999997,18.207666246291474,0.08944893930303029,0.016286564329143594
33,"[(6, 0), (3, 0), (5, 0), (7, 0), (8, 21), (5, 21), (1, 21), (6, 21)]","[(5, 21), (4, 21), (6, 21), (8, 21), (4, 0), (1, 0), (5, 0), (6, 0)]",256,4.373419941171934,243.05882352941177,10.629983057013195,0.10803369699999998,18.16715667274788,0.08999554982352939,0.016349632534941462
34,"[(0, 0), (5, 0), (1, 0), (8, 0), (7, 21), (8, 21), (0, 21), (1, 21)]","[(4, 21), (6, 21), (8, 21), (7, 21), (5, 0), (0, 0), (7, 0), (6, 0)]",240,4.317137876042809,242.97142857142856,10.489411570819442,0.09742019500000004,17.91618743596396,0.09020768254285713,0.016161777486017624
35,"[(0, 0), (8, 0), (5, 0), (4, 0), (6, 21), (2, 21), (0, 21), (3, 21)]","[(2, 21), (6, 21), (7, 21), (4, 21), (0, 0), (7, 0), (6, 0), (3, 0)]",256,4.340542333631469,243.33333333333334,10.561986345169908,0.10952475799999994,17.90618706476098,0.09074426797222221,0.016248838373654095
36,"[(7, 0), (2, 0), (1, 0), (5, 0), (7, 21), (0, 21), (3, 21), (4, 21)]","[(4, 21), (7, 21), (0, 21), (5, 21), (3, 0), (1, 0), (8, 0), (7, 0)]",224,4.480764247696928,242.8108108108108,10.879780000353838,0.07894728400000006,17.850640035791425,0.09042543056756756,0.016141518111430993
37,"[(3, 0), (2, 0), (6, 0), (4, 0), (6, 21), (3, 21), (7, 21), (5, 21)]","[(5, 21), (1, 21), (0, 21), (2, 21), (4, 0), (5, 0), (2, 0), (0, 0)]",272,4.806806071386113,243.57894736842104,11.708367630723647,0.10890698300000001,17.81961229779937,0.09091178721052631,0.01620012801391614
38,"[(5, 0), (6, 0), (2, 0), (1, 0), (3, 21), (5, 21), (6, 21), (1, 21)]","[(2, 21), (0, 21), (3, 21), (6, 21), (6, 0), (2, 0), (1, 0), (3, 0)]",240,4.752250977648005,243.48717948717947,11.57112186762704,0.09940891299999999,17.609401068989232,0.09112966223076922,0.01604738771503135
39,"[(6, 0), (3, 0), (5, 0), (8, 0), (7, 21), (3, 21), (5, 21), (4, 21)]","[(2, 21), (6, 21), (0, 21), (7, 21), (1, 0), (8, 0), (4, 0), (7, 0)]",232,4.7555369390792634,243.2,11.565465835840769,0.08369610500000002,17.470092567880297,0.09094382329999999,0.01588797011527949
40,"[(1, 0), (4, 0), (3, 0), (2, 0), (3, 21), (2, 21), (0, 21), (4, 21)]","[(3, 21), (7, 21), (4, 21), (8, 21), (4, 0), (5, 0), (8, 0), (7, 0)]",240,4.7030771505565365,243.1219512195122,11.434212935792088,0.097230135,17.25954162011377,0.09109714797560975,0.015722950169586993
41,"[(3, 0), (7, 0), (4, 0), (6, 0), (1, 21), (6, 21), (4, 21), (5, 21)]","[(2, 21), (3, 21), (1, 21), (0, 21), (0, 0), (1, 0), (2, 0), (3, 0)]",240,4.652295322776123,243.04761904761904,11.307293013071108,0.09938661100000001,17.072180919939186,0.09129451614285714,0.015585964965891654
42,"[(6, 0), (7, 0), (1, 0), (0, 0), (7, 21), (6, 21), (2, 21), (4, 21)]","[(1, 21), (4, 21), (5, 21), (8, 21), (5, 0), (4, 0), (8, 0), (0, 0)]",240,4.603105165448435,242.97674418604652,11.184475062466335,0.09177242099999999,16.87063006976532,0.09130563020930232,0.015403835105479284
43,"[(5, 0), (0, 0), (6, 0), (4, 0), (2, 21), (7, 21), (0, 21), (1, 21)]","[(6, 21), (7, 21), (4, 21), (0, 21), (4, 0), (3, 0), (0, 0), (1, 0)]",248,4.558773360559694,243.0909090909091,11.081963605578746,0.09636403500000001,16.67724297687747,0.09142059395454544,0.015246434584704096
44,"[(7, 0), (5, 0), (2, 0), (1, 0), (8, 21), (2, 21), (3, 21), (6, 21)]","[(2, 21), (7, 21), (8, 21), (3, 21), (8, 0), (4, 0), (1, 0), (7, 0)]",232,4.562353279907141,242.84444444444443,11.079421476183384,0.10672447800000007,16.61269338648113,0.09176068026666666,0.015243920462050626
45,"[(5, 0), (1, 0), (0, 0), (4, 0), (3, 21), (1, 21), (7, 21), (6, 21)]","[(2, 21), (1, 21), (7, 21), (4, 21), (0, 0), (3, 0), (4, 0), (1, 0)]",240,4.516871853992678,242.7826086956522,10.966179318563094,0.15061562500000003,18.646881228086507,0.09304013558695652,0.01734908357735043
46,"[(1, 0), (8, 0), (3, 0), (6, 0), (3, 21), (7, 21), (2, 21), (4, 21)]","[(2, 21), (3, 21), (6, 21), (0, 21), (8, 0), (1, 0), (0, 0), (5, 0)]",264,4.634491445709852,243.2340425531915,11.272660895181922,0.11006696700000007,18.56323137635915,0.09340240859574468,0.017338505218720452
47,"[(5, 0), (2, 0), (1, 0), (4, 0), (1, 21), (4, 21), (2, 21), (0, 21)]","[(3, 21), (8, 21), (1, 21), (4, 21), (0, 0), (1, 0), (4, 0), (8, 0)]",264,4.736878165028942,243.66666666666666,11.54219312878719,0.08671002900000002,18.424834651647217,0.09326298402083333,0.017183550597030705
48,"[(8, 0), (6, 0), (3, 0), (4, 0), (5, 21), (2, 21), (7, 21), (6, 21)]","[(5, 21), (2, 21), (0, 21), (8, 21), (3, 0), (2, 0), (1, 0), (5, 0)]",232,4.741551614254497,243.42857142857142,11.54229135812809,0.07145137199999985,18.622126227187813,0.09281784908163265,0.017284657017342317
49,"[(2, 0), (0, 0), (1, 0), (8, 0), (4, 21), (8, 21), (1, 21), (5, 21)]","[(7, 21), (2, 21), (3, 21), (6, 21), (7, 0), (5, 0), (8, 0), (6, 0)]",248,4.699488762745772,243.52,11.444195035038506,0.11686162699999997,18.691459625795673,0.09329872464,0.01743889344746788
50,"[(3, 0), (2, 0), (7, 0), (5, 0), (7, 21), (0, 21), (5, 21), (3, 21)]","[(2, 21), (4, 21), (7, 21), (8, 21), (4, 0), (0, 0), (7, 0), (6, 0)]",232,4.703548616335133,243.2941176470588,11.443457104213005,0.08713749300000007,18.55396223978904,0.09317791617647059,0.017288195383204637
51,"[(5, 0), (3, 0), (1, 0), (6, 0), (2, 21), (8, 21), (5, 21), (1, 21)]","[(4, 21), (8, 21), (5, 21), (1, 21), (0, 0), (5, 0), (2, 0), (8, 0)]",224,4.791039406309608,242.92307692307693,11.638540342404417,0.07445941399999989,18.652722368190318,0.09281794498076922,0.01731307358512252
52,"[(8, 0), (4, 0), (7, 0), (2, 0), (8, 21), (5, 21), (0, 21), (3, 21)]","[(8, 21), (1, 21), (7, 21), (3, 21), (4, 0), (6, 0), (1, 0), (3, 0)]",224,4.869694473307741,242.56603773584905,11.812224933744213,0.0863356489999999,18.5247443317645,0.09269563750943395,0.01717162985532183
53,"[(6, 0), (2, 0), (1, 0), (4, 0), (6, 21), (3, 21), (0, 21), (1, 21)]","[(7, 21), (1, 21), (6, 21), (8, 21), (1, 0), (3, 0), (7, 0), (2, 0)]",248,4.831833684349055,242.66666666666666,11.72524974068704,0.10876465999999996,18.441425381674513,0.09299321199999999,0.01714927380100239
54,"[(4, 0), (3, 0), (0, 0), (6, 0), (1, 21), (2, 21), (0, 21), (5, 21)]","[(5, 21), (8, 21), (7, 21), (0, 21), (1, 0), (6, 0), (2, 0), (7, 0)]",232,4.827450399215527,242.47272727272727,11.705250640716049,0.07835071999999998,18.446521536114982,0.09272698487272725,0.017104903234337714
55,"[(2, 0), (6, 0), (1, 0), (5, 0), (7, 21), (5, 21), (6, 21), (1, 21)]","[(7, 21), (1, 21), (4, 21), (3, 21), (7, 0), (5, 0), (8, 0), (1, 0)]",248,4.791718635290457,242.57142857142858,11.623340346747424,0.11374176400000002,18.451141527278633,0.09310224878571427,0.017178427688531193
56,"[(8, 0), (4, 0), (3, 0), (6, 0), (1, 21), (2, 21), (7, 21), (6, 21)]","[(2, 21), (1, 21), (3, 21), (7, 21), (1, 0), (4, 0), (7, 0), (5, 0)]",232,4.787498924978434,242.3859649122807,11.604225464474043,0.06953123000000017,18.671089992147873,0.09268872214035086,0.0173059947233968
57,"[(1, 0), (8, 0), (4, 0), (3, 0), (3, 21), (2, 21), (6, 21), (0, 21)]","[(7, 21), (6, 21), (2, 21), (1, 21), (3, 0), (5, 0), (2, 0), (7, 0)]",232,4.7822430011883865,242.20689655172413,11.582922358740422,0.10130075899999991,18.519237620560798,0.09283720553448274,0.017192742693219278
58,"[(8, 0), (5, 0), (6, 0), (0, 0), (2, 21), (6, 21), (8, 21), (0, 21)]","[(2, 21), (5, 21), (6, 21), (1, 21), (8, 0), (5, 0), (4, 0), (6, 0)]",232,4.776054114497954,242.03389830508473,11.559669958479793,0.09456342900000003,18.357407416694468,0.09286646355932202,0.017047875069060844
59,"[(8, 0), (0, 0), (1, 0), (7, 0), (3, 21), (8, 21), (7, 21), (6, 21)]","[(2, 21), (3, 21), (0, 21), (4, 21), (2, 0), (3, 0), (7, 0), (8, 0)]",232,4.769025083546233,241.86666666666667,11.53468200207049,0.08234178299999995,18.296070654896567,0.09269105221666664,0.0169588204043284
60,"[(5, 0), (0, 0), (2, 0), (8, 0), (0, 21), (6, 21), (1, 21), (2, 21)]","[(6, 21), (0, 21), (4, 21), (3, 21), (8, 0), (3, 0), (7, 0), (0, 0)]",256,4.783042265361672,242.0983606557377,11.579666913911668,0.11260115500000001,18.28495574802295,0.09301744734426227,0.017008199084838905
61,"[(8, 0), (0, 0), (3, 0), (5, 0), (6, 21), (2, 21), (0, 21), (7, 21)]","[(4, 21), (2, 21), (6, 21), (1, 21), (3, 0), (0, 0), (2, 0), (4, 0)]",248,4.752371758891568,242.19354838709677,11.509937795405772,0.09973673000000005,18.138577345875483,0.09312582287096773,0.016891699410433482
62,"[(4, 0), (8, 0), (6, 0), (7, 0), (1, 21), (6, 21), (4, 21), (5, 21)]","[(0, 21), (1, 21), (2, 21), (8, 21), (7, 0), (6, 0), (4, 0), (5, 0)]",256,4.76372657700981,242.4126984126984,11.547878140332351,0.11263600400000007,18.12329555187457,0.09343550828571427,0.01693359331701625
63,"[(6, 0), (7, 0), (5, 0), (4, 0), (6, 21), (0, 21), (2, 21), (7, 21)]","[(3, 21), (4, 21), (5, 21), (2, 21), (2, 0), (5, 0), (8, 0), (6, 0)]",248,4.7332949621645355,242.5,11.478240283248997,0.10734158000000016,18.03370127804393,0.09365279065624998,0.01688906450549996
64,"[(6, 0), (4, 0), (3, 0), (7, 0), (1, 21), (5, 21), (8, 21), (3, 21)]","[(4, 21), (1, 21), (2, 21), (8, 21), (8, 0), (2, 0), (6, 0), (0, 0)]",232,4.730031062214342,242.33846153846153,11.462684506461589,0.0891693870000001,17.917336504300746,0.0935838152153846,0.01676772708570346
65,"[(5, 0), (4, 0), (6, 0), (3, 0), (2, 21), (0, 21), (8, 21), (3, 21)]","[(0, 21), (3, 21), (2, 21), (1, 21), (8, 0), (7, 0), (2, 0), (0, 0)]",248,4.701063709417264,242.42424242424244,11.396518083435792,0.08933987300000013,17.801940057457383,0.09351951306060605,0.016648287657075118
66,"[(1, 0), (7, 0), (4, 0), (6, 0), (3, 21), (0, 21), (1, 21), (4, 21)]","[(3, 21), (8, 21), (5, 21), (0, 21), (4, 0), (5, 0), (1, 0), (6, 0)]",248,4.672572492020994,242.50746268656715,11.331336992590613,0.12029247700000001,17.929747577016368,0.09391910953731342,0.0168394592666218
67,"[(6, 0), (1, 0), (0, 0), (3, 0), (1, 21), (8, 21), (0, 21), (6, 21)]","[(2, 21), (5, 21), (6, 21), (3, 21), (4, 0), (8, 0), (7, 0), (2, 0)]",240,4.64046335816502,242.47058823529412,11.251758801386007,0.08925179999999999,17.820496432251932,0.09385047263235291,0.016724620127100027
68,"[(8, 0), (4, 0), (3, 0), (7, 0), (7, 21), (1, 21), (2, 21), (8, 21)]","[(2, 21), (6, 21), (4, 21), (7, 21), (3, 0), (5, 0), (0, 0), (4, 0)]",232,4.638434563979776,242.31884057971016,11.239800856484326,0.11009212300000004,17.766817673061023,0.09408585886956519,0.016716063001489163
69,"[(0, 0), (4, 0), (1, 0), (3, 0), (7, 21), (2, 21), (3, 21), (0, 21)]","[(7, 21), (5, 21), (0, 21), (2, 21), (5, 0), (1, 0), (6, 0), (8, 0)]",256,4.649913810949674,242.5142857142857,11.276705264954524,0.12154505599999998,17.901591921539513,0.09447813311428568,0.016913089845208312
70,"[(2, 0), (7, 0), (4, 0), (3, 0), (7, 21), (1, 21), (0, 21), (5, 21)]","[(0, 21), (6, 21), (8, 21), (7, 21), (1, 0), (4, 0), (5, 0), (7, 0)]",232,4.648070571808457,242.3661971830986,11.265351887278863,0.07135894200000004,18.069732220049577,0.09415251070422533,0.01701310656270703
71,"[(8, 0), (2, 0), (4, 0), (7, 0), (8, 21), (6, 21), (7, 21), (0, 21)]","[(8, 21), (6, 21), (3, 21), (7, 21), (2, 0), (4, 0), (3, 0), (1, 0)]",224,4.705055902402875,242.11111111111111,11.391463123706517,0.09411237699999997,17.943916134107237,0.09415195329166666,0.016894547537280483
72,"[(1, 0), (4, 0), (8, 0), (7, 0), (5, 21), (1, 21), (6, 21), (8, 21)]","[(1, 21), (5, 21), (8, 21), (0, 21), (5, 0), (1, 0), (4, 0), (7, 0)]",256,4.716348861593382,242.3013698630137,11.427777899159416,0.08730332599999979,17.85843016726315,0.09405813647945205,0.016797306619812012
73,"[(7, 0), (2, 0), (3, 0), (0, 0), (6, 21), (0, 21), (1, 21), (4, 21)]","[(3, 21), (4, 21), (1, 21), (0, 21), (0, 0), (5, 0), (7, 0), (8, 0)]",240,4.686258183475492,242.27027027027026,11.353410366668731,0.09138996199999982,17.747181608278723,0.09402208006756756,0.016686269301472444
74,"[(4, 0), (2, 0), (1, 0), (6, 0), (0, 21), (4, 21), (7, 21), (2, 21)]","[(5, 21), (1, 21), (3, 21), (7, 21), (5, 0), (3, 0), (8, 0), (6, 0)]",232,4.68288361794478,242.13333333333333,11.338822200250295,0.07991510499999999,17.74777434132342,0.09383398706666665,0.0166534442800586
75,"[(6, 0), (8, 0), (5, 0), (4, 0), (7, 21), (2, 21), (0, 21), (4, 21)]","[(3, 21), (8, 21), (0, 21), (4, 21), (8, 0), (0, 0), (6, 0), (4, 0)]",248,4.658673707864162,242.21052631578948,11.283798107153093,0.10593384000000006,17.66178491809211,0.09399319565789473,0.01660087605473886
76,"[(2, 0), (5, 0), (3, 0), (7, 0), (5, 21), (6, 21), (0, 21), (8, 21)]","[(5, 21), (4, 21), (1, 21), (2, 21), (1, 0), (6, 0), (4, 0), (3, 0)]",240,4.630025761726998,242.1818181818182,11.21308057203702,0.10053622299999998,17.54854944999723,0.09407817003896103,0.016509354190939553
77,"[(8, 0), (3, 0), (2, 0), (7, 0), (0, 21), (7, 21), (6, 21), (5, 21)]","[(0, 21), (6, 21), (2, 21), (5, 21), (0, 0), (3, 0), (5, 0), (2, 0)]",272,4.796685621105263,242.56410256410257,11.635037429655332,0.12320027899999997,17.70978801020832,0.0944515304102564,0.016727165808053855
78,"[(2, 0), (0, 0), (7, 0), (3, 0), (6, 21), (1, 21), (4, 21), (0, 21)]","[(8, 21), (2, 21), (5, 21), (4, 21), (4, 0), (5, 0), (6, 0), (3, 0)]",224,4.847111533221571,242.32911392405063,11.745962429366298,0.06518657699999997,18.005633774441968,0.09408108796202531,0.016939896149452887
79,"[(3, 0), (4, 0), (8, 0), (0, 0), (7, 21), (3, 21), (2, 21), (5, 21)]","[(7, 21), (3, 21), (6, 21), (8, 21), (4, 0), (5, 0), (7, 0), (8, 0)]",232,4.842525817141453,242.2,11.7285975291166,0.11044132200000001,17.957715188041703,0.09428559088749999,0.01693153787493945
80,"[(7, 0), (8, 0), (3, 0), (1, 0), (8, 21), (5, 21), (2, 21), (6, 21)]","[(6, 21), (5, 21), (4, 21), (2, 21), (8, 0), (3, 0), (5, 0), (2, 0)]",224,4.888085285596699,241.97530864197532,11.827959456505594,0.06603343699999997,18.21804844034872,0.09393679886419752,0.017113451520392453
81,"[(2, 0), (1, 0), (5, 0), (0, 0), (5, 21), (8, 21), (6, 21), (0, 21)]","[(1, 21), (5, 21), (3, 21), (7, 21), (2, 0), (4, 0), (6, 0), (3, 0)]",256,4.896199043017989,242.14634146341464,11.855966853434781,0.12126829900000002,18.32106607632558,0.0942701098414634,0.017271289114279213
82,"[(4, 0), (7, 0), (3, 0), (6, 0), (5, 21), (6, 21), (3, 21), (1, 21)]","[(0, 21), (8, 21), (3, 21), (1, 21), (3, 0), (1, 0), (2, 0), (7, 0)]",256,4.903100415450751,242.3132530120482,11.880862115125966,0.1086919930000001,18.253050019312916,0.09444386746987951,0.017238886369450708
83,"[(1, 0), (0, 0), (2, 0), (3, 0), (1, 21), (3, 21), (7, 21), (8, 21)]","[(6, 21), (4, 21), (5, 21), (1, 21), (0, 0), (1, 0), (7, 0), (8, 0)]",232,4.898121229337738,242.1904761904762,11.862783129719872,0.102857961,18.150535755405244,0.09454403524999999,0.017160248922654185
84,"[(3, 0), (0, 0), (1, 0), (7, 0), (3, 21), (8, 21), (1, 21), (0, 21)]","[(4, 21), (0, 21), (7, 21), (1, 21), (5, 0), (3, 0), (0, 0), (1, 0)]",256,4.90459453992819,242.35294117647058,11.886429120296555,0.09732157299999988,18.03999733220649,0.09457671216470587,0.01706163635140155
85,"[(8, 0), (7, 0), (5, 0), (3, 0), (2, 21), (1, 21), (5, 21), (8, 21)]","[(0, 21), (3, 21), (2, 21), (6, 21), (8, 0), (4, 0), (1, 0), (2, 0)]",240,4.87765744766409,242.32558139534885,11.819811768525538,0.08679111899999992,17.973711031284882,0.0944861820116279,0.016982673319263872
86,"[(2, 0), (7, 0), (8, 0), (1, 0), (6, 21), (1, 21), (3, 21), (4, 21)]","[(2, 21), (4, 21), (7, 21), (5, 21), (5, 0), (0, 0), (7, 0), (2, 0)]",256,4.883537362762306,242.48275862068965,11.841736115498115,0.09360300999999993,17.872313206450844,0.0944760306091954,0.01688505209549777
87,"[(0, 0), (8, 0), (7, 0), (1, 0), (7, 21), (4, 21), (5, 21), (0, 21)]","[(4, 21), (3, 21), (1, 21), (5, 21), (3, 0), (4, 0), (1, 0), (8, 0)]",232,4.8796802304424345,242.36363636363637,11.826570449417757,0.07456009000000008,17.953402288816882,0.09424971310227273,0.016921030149306775
88,"[(8, 0), (7, 0), (4, 0), (0, 0), (3, 21), (8, 21), (1, 21), (2, 21)]","[(5, 21), (2, 21), (0, 21), (8, 21), (8, 0), (7, 0), (6, 0), (0, 0)]",248,4.857107272914443,242.42696629213484,11.774937811281127,0.07864941400000003,17.970722899378163,0.09407442884269665,0.016905854926493703
89,"[(1, 0), (8, 0), (5, 0), (0, 0), (3, 21), (5, 21), (1, 21), (7, 21)]","[(3, 21), (6, 21), (0, 21), (8, 21), (4, 0), (1, 0), (5, 0), (6, 0)]",248,4.834820262110718,242.48888888888888,11.723901933367143,0.11062766800000001,17.93048145798894,0.09425835372222223,0.016900976636768685
90,"[(7, 0), (8, 0), (0, 0), (4, 0), (4, 21), (0, 21), (8, 21), (2, 21)]","[(3, 21), (0, 21), (4, 21), (8, 21), (2, 0), (6, 0), (4, 0), (0, 0)]",256,4.8401783223324,242.63736263736263,11.744081028252678,0.09094290500000013,17.842356702647212,0.09422192021978024,0.01681141109769687
91,"[(5, 0), (2, 0), (7, 0), (4, 0), (8, 21), (2, 21), (3, 21), (0, 21)]","[(1, 21), (4, 21), (5, 21), (0, 21), (7, 0), (2, 0), (4, 0), (5, 0)]",248,4.818095507927331,242.69565217391303,11.693308315326243,0.08480504699999991,17.794687620449977,0.09411956290217392,0.016748282208174772
92,"[(2, 0), (0, 0), (1, 0), (4, 0), (6, 21), (3, 21), (2, 21), (4, 21)]","[(5, 21), (2, 21), (6, 21), (1, 21), (4, 0), (2, 0), (6, 0), (3, 0)]",256,4.822516266368995,242.83870967741936,11.710936275234126,0.11630300900000012,17.819752294048374,0.09435809458064517,0.016814378723654853
93,"[(2, 0), (7, 0), (4, 0), (5, 0), (8, 21), (7, 21), (4, 21), (6, 21)]","[(5, 21), (1, 21), (7, 21), (6, 21), (4, 0), (2, 0), (8, 0), (6, 0)]",232,4.820891232060929,242.72340425531914,11.701431313904486,0.09597139099999996,17.72235734575661,0.09437525730851065,0.016725520346191538
94,"[(5, 0), (8, 0), (1, 0), (6, 0), (8, 21), (2, 21), (4, 21), (3, 21)]","[(8, 21), (1, 21), (4, 21), (2, 21), (0, 0), (2, 0), (4, 0), (6, 0)]",256,4.825055141969198,242.86315789473684,11.718281287948772,0.07881688600000025,17.739723169484144,0.09421148497894738,0.016712856629125403
95,"[(0, 0), (8, 0), (1, 0), (6, 0), (0, 21), (8, 21), (4, 21), (3, 21)]","[(8, 21), (3, 21), (6, 21), (7, 21), (1, 0), (6, 0), (8, 0), (4, 0)]",240,4.8019407411700215,242.83333333333334,11.660712766474536,0.09527035299999964,17.645389994595767,0.09422251485416666,0.016625930208733635
96,"[(2, 0), (6, 0), (3, 0), (1, 0), (1, 21), (5, 21), (4, 21), (7, 21)]","[(4, 21), (5, 21), (1, 21), (0, 21), (5, 0), (3, 0), (2, 0), (7, 0)]",232,4.800539045178215,242.72164948453607,11.651947554605762,0.07912259399999999,17.657851510075837,0.0940668455670103,0.016610183910435034
97,"[(7, 0), (5, 0), (0, 0), (6, 0), (8, 21), (0, 21), (2, 21), (7, 21)]","[(8, 21), (5, 21), (3, 21), (1, 21), (5, 0), (4, 0), (3, 0), (1, 0)]",240,4.777859645892467,242.69387755102042,11.595572838561882,0.0883117149999999,17.589267187227797,0.09400811974489795,0.01653533935961915
98,"[(5, 0), (7, 0), (8, 0), (3, 0), (0, 21), (1, 21), (7, 21), (5, 21)]","[(5, 21), (0, 21), (1, 21), (7, 21), (5, 0), (3, 0), (0, 0), (2, 0)]",240,4.755496597567195,242.66666666666666,11.540005076763059,0.08109651000000007,17.578401902386172,0.09387769944444443,0.016502199305058595
99,"[(3, 0), (5, 0), (2, 0), (6, 0), (2, 21), (3, 21), (5, 21), (0, 21)]","[(3, 21), (4, 21), (6, 21), (2, 21), (5, 0), (8, 0), (6, 0), (4, 0)]",232,4.753918930534893,242.56,11.531105757905438,0.1015749760000001,17.49496058606771,0.09395467220999999,0.01643733287190861
100,"[(4, 0), (5, 0), (1, 0), (3, 0), (4, 21), (8, 21), (3, 21), (5, 21)]","[(6, 21), (4, 21), (1, 21), (8, 21), (7, 0), (0, 0), (6, 0), (4, 0)]",232,4.751973135858997,242.45544554455446,11.521417638704468,0.09350325599999998,17.409029576782732,0.09395020274257425,0.016355818582902092
101,"[(7, 0), (8, 0), (4, 0), (0, 0), (8, 21), (5, 21), (2, 21), (0, 21)]","[(4, 21), (5, 21), (3, 21), (6, 21), (0, 0), (8, 0), (5, 0), (4, 0)]",256,4.7579429273038905,242.58823529411765,11.54220978364779,0.0959555190000001,17.32113286097727,0.09396986270588234,0.01627664476856381
102,"[(8, 0), (3, 0), (7, 0), (2, 0), (0, 21), (3, 21), (6, 21), (7, 21)]","[(0, 21), (2, 21), (1, 21), (4, 21), (1, 0), (5, 0), (3, 0), (7, 0)]",256,4.763165334102943,242.71844660194174,11.561080908016852,0.07291738199999998,17.414138559885735,0.09376546968932038,0.016328448813025913
103,"[(3, 0), (1, 0), (8, 0), (6, 0), (5, 21), (1, 21), (0, 21), (3, 21)]","[(7, 21), (1, 21), (0, 21), (2, 21), (5, 0), (6, 0), (0, 0), (3, 0)]",256,4.767683874046142,242.84615384615384,11.578136915664361,0.10601824700000018,17.355260381837258,0.09388328485576923,0.016293688541740736
104,"[(6, 0), (5, 0), (0, 0), (8, 0), (3, 21), (6, 21), (7, 21), (1, 21)]","[(1, 21), (8, 21), (4, 21), (0, 21), (3, 0), (8, 0), (4, 0), (7, 0)]",240,4.746821309385895,242.8190476190476,11.526186295628836,0.10039368999999976,17.27413653008282,0.09394528871428573,0.016228237436086205
105,"[(1, 0), (5, 0), (8, 0), (7, 0), (4, 21), (8, 21), (5, 21), (1, 21)]","[(7, 21), (5, 21), (8, 21), (0, 21), (5, 0), (6, 0), (4, 0), (1, 0)]",224,4.786915015156428,242.64150943396226,11.61504284809654,0.07990425400000012,17.277425627195424,0.09381282612264152,0.01620844126210955
106,"[(5, 0), (8, 0), (4, 0), (6, 0), (7, 21), (0, 21), (5, 21), (8, 21)]","[(3, 21), (4, 21), (5, 21), (6, 21), (2, 0), (1, 0), (3, 0), (6, 0)]",224,4.824965770969756,242.46728971962617,11.698963734770034,0.087562696,17.219166549557492,0.09375441369158881,0.01614372864111581
107,"[(7, 0), (5, 0), (1, 0), (3, 0), (6, 21), (0, 21), (2, 21), (3, 21)]","[(1, 21), (8, 21), (5, 21), (3, 21), (2, 0), (8, 0), (6, 0), (5, 0)]",240,4.8040174817153645,242.44444444444446,11.647073494558805,0.09304410100000005,17.140618838518584,0.09374783672222226,0.016068959361912872
108,"[(3, 0), (5, 0), (2, 0), (0, 0), (2, 21), (8, 21), (5, 21), (0, 21)]","[(5, 21), (3, 21), (4, 21), (8, 21), (5, 0), (6, 0), (2, 0), (4, 0)]",256,4.809084427899721,242.56880733944953,11.665338740703545,0.12712816599999988,17.339624035956298,0.0940540782752294,0.016308623563408828
109,"[(1, 0), (2, 0), (8, 0), (4, 0), (0, 21), (5, 21), (3, 21), (6, 21)]","[(2, 21), (6, 21), (3, 21), (5, 21), (5, 0), (1, 0), (3, 0), (0, 0)]",232,4.8069071691819145,242.47272727272727,11.655438910583639,0.11107939499999997,17.31742392269915,0.0942088538818182,0.01631454659943067
110,"[(1, 0), (6, 0), (5, 0), (4, 0), (1, 21), (3, 21), (6, 21), (7, 21)]","[(5, 21), (0, 21), (3, 21), (2, 21), (5, 0), (1, 0), (0, 0), (7, 0)]",248,4.789066926154495,242.52252252252254,11.614565914601712,0.11585991400000006,17.339566634128424,0.0944039084774775,0.016369228615673824
111,"[(0, 0), (5, 0), (1, 0), (8, 0), (7, 21), (4, 21), (6, 21), (3, 21)]","[(7, 21), (2, 21), (3, 21), (4, 21), (2, 0), (3, 0), (6, 0), (0, 0)]",232,4.786931599214212,242.42857142857142,11.60488989123788,0.09191769099999991,17.26782232327833,0.09438171010714284,0.016297666006973053
112,"[(5, 0), (7, 0), (8, 0), (4, 0), (7, 21), (2, 21), (0, 21), (1, 21)]","[(8, 21), (2, 21), (1, 21), (7, 21), (2, 0), (7, 0), (1, 0), (0, 0)]",224,4.821830224290016,242.26548672566372,11.68163046196137,0.059942745999999936,17.584400525903373,0.09407694051327434,0.016542866022370015
113,"[(5, 0), (7, 0), (3, 0), (1, 0), (8, 21), (4, 21), (6, 21), (0, 21)]","[(7, 21), (1, 21), (4, 21), (5, 21), (0, 0), (2, 0), (6, 0), (7, 0)]",272,4.92986269258034,242.52631578947367,11.956214361794844,0.14530171999999997,18.14183106804595,0.09452628068421051,0.01714879815663642
114,"[(5, 0), (1, 0), (0, 0), (6, 0), (6, 21), (5, 21), (3, 21), (8, 21)]","[(6, 21), (4, 21), (5, 21), (1, 21), (5, 0), (4, 0), (7, 0), (2, 0)]",224,4.962652535576517,242.36521739130436,12.027743606225103,0.0975932829999997,18.06019764005985,0.09455295026956521,0.01707644969319098
115,"[(6, 0), (3, 0), (1, 0), (8, 0), (1, 21), (0, 21), (4, 21), (8, 21)]","[(3, 21), (0, 21), (1, 21), (2, 21), (1, 0), (5, 0), (4, 0), (3, 0)]",256,4.966101612222332,242.48275862068965,12.041940185223254,0.13969584400000024,18.440040173118792,0.09494211314655172,0.017507363805432035
116,"[(4, 0), (8, 0), (5, 0), (2, 0), (4, 21), (1, 21), (2, 21), (5, 21)]","[(0, 21), (4, 21), (7, 21), (1, 21), (2, 0), (4, 0), (8, 0), (7, 0)]",240,4.946164460996097,242.46153846153845,11.992546446968998,0.09187410000000007,18.368550235597247,0.0949158908119658,0.01743467308536057
117,"[(6, 0), (3, 0), (7, 0), (5, 0), (0, 21), (2, 21), (5, 21), (3, 21)]","[(7, 21), (5, 21), (1, 21), (8, 21), (0, 0), (6, 0), (4, 0), (1, 0)]",240,4.9264645437189545,242.4406779661017,11.943754039551852,0.06827744300000016,18.514628868552265,0.09469014125423728,0.017531528228329932
118,"[(6, 0), (1, 0), (3, 0), (4, 0), (7, 21), (1, 21), (6, 21), (5, 21)]","[(0, 21), (3, 21), (6, 21), (4, 21), (7, 0), (6, 0), (5, 0), (8, 0)]",240,4.906997214185442,242.42016806722688,11.895550893682492,0.07231537200000004,18.599353366645133,0.09450211798319327,0.017576782862658014
119,"[(8, 0), (6, 0), (0, 0), (3, 0), (5, 21), (0, 21), (1, 21), (3, 21)]","[(6, 21), (4, 21), (1, 21), (3, 21), (8, 0), (0, 0), (7, 0), (4, 0)]",224,4.938214905542132,242.26666666666668,11.963648644493405,0.08149872299999972,18.585194828227955,0.09439375635833332,0.01754326352487906
120,"[(6, 0), (0, 0), (7, 0), (5, 0), (2, 21), (8, 21), (1, 21), (3, 21)]","[(7, 21), (1, 21), (4, 21), (3, 21), (7, 0), (4, 0), (5, 0), (2, 0)]",248,4.921468981081194,242.31404958677686,11.925410787214927,0.10022063399999981,18.507230825483617,0.0944419123719008,0.017478582718668652
121,"[(7, 0), (2, 0), (5, 0), (1, 0), (6, 21), (7, 21), (0, 21), (3, 21)]","[(0, 21), (5, 21), (6, 21), (1, 21), (1, 0), (8, 0), (6, 0), (7, 0)]",232,4.917975921762198,242.2295081967213,11.912788888517744,0.07438882399999969,18.562695099753164,0.09427754279508195,0.01750045281659037
122,"[(2, 0), (1, 0), (8, 0), (5, 0), (0, 21), (7, 21), (3, 21), (8, 21)]","[(8, 21), (4, 21), (3, 21), (2, 21), (0, 0), (8, 0), (5, 0), (7, 0)]",256,4.922200739663768,242.34146341463415,11.928533304707122,0.10004187200000003,18.486045237601527,0.09432440726016258,0.017436852596213154
123,"[(0, 0), (1, 0), (6, 0), (2, 0), (4, 21), (1, 21), (3, 21), (6, 21)]","[(6, 21), (5, 21), (0, 21), (2, 21), (4, 0), (5, 0), (6, 0), (7, 0)]",232,4.918840570914035,242.25806451612902,11.916287963730452,0.0752947610000001,18.52971197427372,0.09417094237096772,0.017449604384799613
124,"[(6, 0), (5, 0), (2, 0), (4, 0), (2, 21), (0, 21), (3, 21), (5, 21)]","[(3, 21), (2, 21), (1, 21), (7, 21), (2, 0), (4, 0), (6, 0), (0, 0)]",240,4.900194713604071,242.24,11.870231674234502,0.12077747499999969,18.584276695133628,0.09438379463199999,0.017540545549777558
125,"[(2, 0), (4, 0), (3, 0), (1, 0), (4, 21), (1, 21), (6, 21), (0, 21)]","[(2, 21), (5, 21), (1, 21), (0, 21), (6, 0), (7, 0), (4, 0), (2, 0)]",248,4.88434734811606,242.28571428571428,11.83407586057834,0.0984548919999999,18.508003280449714,0.09441610492857141,0.017474535797452843
126,"[(8, 0), (5, 0), (3, 0), (6, 0), (6, 21), (8, 21), (3, 21), (5, 21)]","[(7, 21), (2, 21), (0, 21), (1, 21), (0, 0), (4, 0), (7, 0), (8, 0)]",224,4.913517701587254,242.14173228346456,11.89767687867805,0.09367193699999987,18.436268925514927,0.09441024533858267,0.01740572672385952
127,"[(3, 0), (6, 0), (8, 0), (0, 0), (0, 21), (4, 21), (8, 21), (6, 21)]","[(5, 21), (2, 21), (4, 21), (6, 21), (5, 0), (8, 0), (4, 0), (0, 0)]",240,4.895244386973395,242.125,11.85261047195933,0.09214174499999972,18.368777674331504,0.09439252267968748,0.017338752632224737
128,"[(1, 0), (4, 0), (6, 0), (7, 0), (5, 21), (8, 21), (7, 21), (3, 21)]","[(1, 21), (5, 21), (7, 21), (2, 21), (7, 0), (5, 0), (0, 0), (4, 0)]",256,4.899888758137197,242.2325581395349,11.869125884827222,0.08673211000000003,18.32280741862394,0.0943331396356589,0.017284479507383387
129,"[(0, 0), (8, 0), (5, 0), (1, 0), (1, 21), (4, 21), (7, 21), (2, 21)]","[(7, 21), (1, 21), (5, 21), (4, 21), (5, 0), (6, 0), (7, 0), (1, 0)]",248,4.884542700697184,242.27692307692308,11.834119761627578,0.09591167899999986,18.250435337803538,0.09434528224615382,0.017218424730602543
130,"[(4, 0), (8, 0), (3, 0), (1, 0), (7, 21), (6, 21), (3, 21), (1, 21)]","[(0, 21), (4, 21), (2, 21), (5, 21), (3, 0), (7, 0), (0, 0), (6, 0)]",256,4.888660251200768,242.38167938931298,11.849216816498227,0.10719256099999974,18.20031543320442,0.09444335307633586,0.017188988165588098
131,"[(2, 0), (8, 0), (4, 0), (5, 0), (3, 21), (8, 21), (4, 21), (7, 21)]","[(3, 21), (0, 21), (4, 21), (7, 21), (5, 0), (6, 0), (0, 0), (7, 0)]",232,4.8858331323896245,242.3030303030303,11.838521735329527,0.09406809499999991,18.13182230173247,0.09444051021212119,0.01712378549251132
132,"[(3, 0), (4, 0), (6, 0), (2, 0), (3, 21), (8, 21), (4, 21), (6, 21)]","[(1, 21), (7, 21), (4, 21), (5, 21), (0, 0), (4, 0), (1, 0), (6, 0)]",256,4.88978578134138,242.406015037594,11.853134856424518,0.13133519800000037,18.32225208250091,0.09471791387969923,0.01735445494832461
133,"[(0, 0), (6, 0), (7, 0), (8, 0), (0, 21), (2, 21), (3, 21), (1, 21)]","[(3, 21), (1, 21), (2, 21), (0, 21), (8, 0), (4, 0), (5, 0), (7, 0)]",248,4.87471355794605,242.44776119402985,11.818633885862035,0.1294406939999999,18.473872785464142,0.09497703910447759,0.01754593737956172
134,"[(1, 0), (5, 0), (8, 0), (7, 0), (6, 21), (0, 21), (1, 21), (5, 21)]","[(7, 21), (2, 21), (8, 21), (5, 21), (4, 0), (0, 0), (8, 0), (2, 0)]",240,4.857760301444573,242.42962962962963,11.776650307087259,0.09078062599999992,18.41524974181584,0.09494595456296295,0.017484534652520617
135,"[(2, 0), (4, 0), (8, 0), (3, 0), (2, 21), (8, 21), (7, 21), (3, 21)]","[(6, 21), (8, 21), (4, 21), (5, 21), (4, 0), (8, 0), (7, 0), (1, 0)]",232,4.855339708757277,242.35294117647058,11.76705858828234,0.08337247899999989,18.393438422137642,0.09486085547794115,0.01744817303904809
136,"[(4, 0), (3, 0), (2, 0), (6, 0), (1, 21), (3, 21), (7, 21), (6, 21)]","[(5, 21), (8, 21), (7, 21), (3, 21), (8, 0), (5, 0), (0, 0), (4, 0)]",240,4.838635817485008,242.33576642335765,11.72574519273739,0.09726181999999994,18.32406723563048,0.09487838076642333,0.017385578283716906
137,"[(6, 0), (3, 0), (7, 0), (5, 0), (5, 21), (1, 21), (2, 21), (4, 21)]","[(6, 21), (3, 21), (1, 21), (5, 21), (0, 0), (6, 0), (2, 0), (3, 0)]",256,4.842756399885921,242.43478260869566,11.740525950332131,0.10329258099999983,18.261307613733596,0.09493935323188404,0.017337167340163474
138,"[(5, 0), (0, 0), (6, 0), (3, 0), (4, 21), (3, 21), (0, 21), (1, 21)]","[(7, 21), (1, 21), (6, 21), (8, 21), (2, 0), (5, 0), (6, 0), (0, 0)]",256,4.846470389278811,242.53237410071944,11.75425969520628,0.08473141999999978,18.232280171468243,0.09486591486330932,0.017296219385105092
139,"[(8, 0), (2, 0), (0, 0), (3, 0), (5, 21), (3, 21), (2, 21), (0, 21)]","[(2, 21), (6, 21), (0, 21), (5, 21), (5, 0), (2, 0), (8, 0), (7, 0)]",240,4.830291257330355,242.5142857142857,11.7141463406343,0.10013999799999995,18.165866162783015,0.09490358688571426,0.017240058577339346
140,"[(1, 0), (7, 0), (3, 0), (2, 0), (1, 21), (2, 21), (5, 21), (7, 21)]","[(0, 21), (8, 21), (2, 21), (3, 21), (7, 0), (1, 0), (3, 0), (5, 0)]",248,4.816101034883786,242.5531914893617,11.681606765462801,0.09017983400000018,18.112545835443182,0.09487008509219856,0.017183387646448414
141,"[(7, 0), (1, 0), (3, 0), (4, 0), (4, 21), (0, 21), (2, 21), (5, 21)]","[(2, 21), (5, 21), (4, 21), (1, 21), (2, 0), (4, 0), (8, 0), (0, 0)]",272,4.9011252813826145,242.7605633802817,11.897999345057851,0.1711447869999998,19.15174822819977,0.09540723088028166,0.01827215264968881
142,"[(2, 0), (0, 0), (3, 0), (8, 0), (1, 21), (7, 21), (5, 21), (3, 21)]","[(5, 21), (2, 21), (1, 21), (6, 21), (3, 0), (1, 0), (6, 0), (2, 0)]",256,4.903187356604842,242.85314685314685,11.907544791620484,0.09375150300000001,19.087530945980834,0.09539565236363634,0.018208674666029386
143,"[(4, 0), (1, 0), (0, 0), (3, 0), (4, 21), (8, 21), (3, 21), (6, 21)]","[(4, 21), (3, 21), (6, 21), (7, 21), (6, 0), (4, 0), (0, 0), (5, 0)]",256,4.904926231617617,242.94444444444446,11.916245783813245,0.11788401400000015,19.09036198676001,0.09555182154166665,0.018241188617247092
144,"[(4, 0), (6, 0), (1, 0), (3, 0), (5, 21), (6, 21), (7, 21), (8, 21)]","[(8, 21), (3, 21), (7, 21), (1, 21), (0, 0), (4, 0), (1, 0), (6, 0)]",224,4.933052985141387,242.81379310344826,11.978133069024686,0.0644512650000002,19.257397162365194,0.09533733494482757,0.018359489234339825
145,"[(3, 0), (8, 0), (0, 0), (7, 0), (4, 21), (5, 21), (2, 21), (0, 21)]","[(8, 21), (5, 21), (1, 21), (2, 21), (3, 0), (5, 0), (1, 0), (8, 0)]",248,4.918565557198091,242.84931506849315,11.944702766850378,0.09982470399999999,19.189073479954555,0.09536807034931505,0.018300249095744816
146,"[(2, 0), (4, 0), (0, 0), (3, 0), (3, 21), (2, 21), (5, 21), (1, 21)]","[(0, 21), (2, 21), (8, 21), (1, 21), (5, 0), (6, 0), (7, 0), (1, 0)]",240,4.9031471699774,242.82993197278913,11.906308937381857,0.0872723289999997,19.147476037124438,0.09531299727891154,0.018250033314244653
147,"[(8, 0), (1, 0), (7, 0), (2, 0), (4, 21), (2, 21), (7, 21), (8, 21)]","[(3, 21), (0, 21), (1, 21), (4, 21), (6, 0), (5, 0), (4, 0), (0, 0)]",232,4.901671121565295,242.75675675675674,11.899137841594454,0.08955644699999965,19.09688524957627,0.09527410166891889,0.01819438586827807
148,"[(3, 0), (0, 0), (2, 0), (6, 0), (7, 21), (0, 21), (4, 21), (3, 21)]","[(4, 21), (1, 21), (7, 21), (2, 21), (2, 0), (6, 0), (3, 0), (5, 0)]",224,4.928315435122835,242.63087248322148,11.957614738963807,0.09028874699999978,19.044176406664413,0.09524064291275167,0.018137796047145754
149,"[(4, 0), (3, 0), (7, 0), (1, 0), (8, 21), (0, 21), (5, 21), (3, 21)]","[(4, 21), (5, 21), (3, 21), (6, 21), (6, 0), (4, 0), (2, 0), (0, 0)]",256,4.93047304833038,242.72,11.967244182907498,0.10919408799999974,18.999439770519814,0.09533366587999997,0.018112862429899193
150,"[(7, 0), (4, 0), (2, 0), (5, 0), (8, 21), (2, 21), (0, 21), (4, 21)]","[(6, 21), (4, 21), (7, 21), (0, 21), (8, 0), (6, 0), (1, 0), (4, 0)]",248,4.916578055900833,242.75496688741723,11.935237431596088,0.10159326499999999,18.935676620110964,0.09537512017880792,0.018059924333101267
151,"[(6, 0), (5, 0), (2, 0), (7, 0), (6, 21), (3, 21), (2, 21), (8, 21)]","[(0, 21), (2, 21), (5, 21), (4, 21), (2, 0), (8, 0), (6, 0), (7, 0)]",248,4.902793590626684,242.78947368421052,11.903466754505732,0.08347098300000022,18.91577228402252,0.09529680348684208,0.01802612634152348
152,"[(7, 0), (0, 0), (2, 0), (3, 0), (6, 21), (7, 21), (3, 21), (4, 21)]","[(2, 21), (4, 21), (6, 21), (5, 21), (7, 0), (3, 0), (5, 0), (2, 0)]",232,4.90127170033283,242.718954248366,11.896315415918954,0.10928838299999999,18.872827531634837,0.09538825171895421,0.01800246023235993
153,"[(4, 0), (6, 0), (0, 0), (8, 0), (6, 21), (0, 21), (3, 21), (2, 21)]","[(4, 21), (7, 21), (3, 21), (8, 21), (4, 0), (7, 0), (0, 0), (6, 0)]",248,4.887766776025491,242.75324675324674,11.865212542528372,0.11379181100000002,18.851554973668875,0.09550775535064931,0.018004697004044834
154,"[(8, 0), (4, 0), (1, 0), (3, 0), (2, 21), (5, 21), (3, 21), (4, 21)]","[(5, 21), (2, 21), (7, 21), (1, 21), (1, 0), (8, 0), (7, 0), (3, 0)]",224,4.9135258027635516,242.63225806451612,11.92179860582785,0.08534405100000031,18.822874102133245,0.0954421830645161,0.017964961958561402
155,"[(6, 0), (1, 0), (7, 0), (2, 0), (4, 21), (2, 21), (5, 21), (0, 21)]","[(3, 21), (5, 21), (2, 21), (7, 21), (1, 0), (5, 0), (8, 0), (0, 0)]",240,4.89885789799677,242.6153846153846,11.885382930986008,0.10371964100000008,18.76477748426955,0.09549524369230766,0.01791946998692249
156,"[(2, 0), (1, 0), (3, 0), (5, 0), (1, 21), (3, 21), (7, 21), (6, 21)]","[(1, 21), (0, 21), (7, 21), (2, 21), (2, 0), (1, 0), (5, 0), (7, 0)]",224,4.923639964566545,242.4968152866242,11.939670110253346,0.08148750600000021,18.758813485185215,0.09540602243312099,0.01789703780186313
157,"[(7, 0), (8, 0), (6, 0), (0, 0), (5, 21), (0, 21), (7, 21), (3, 21)]","[(1, 21), (6, 21), (7, 21), (8, 21), (5, 0), (0, 0), (3, 0), (7, 0)]",232,4.92137241949587,242.43037974683546,11.930901845339863,0.11468002300000002,18.743895360826652,0.09552800977848099,0.01790567019315873
158,"[(6, 0), (5, 0), (7, 0), (8, 0), (0, 21), (3, 21), (7, 21), (6, 21)]","[(0, 21), (3, 21), (1, 21), (4, 21), (5, 0), (0, 0), (1, 0), (7, 0)]",232,4.918979686815823,242.36477987421384,11.921874290008462,0.06921397499999982,18.843975956460316,0.09536251270440249,0.01797008896549402
159,"[(8, 0), (3, 0), (2, 0), (0, 0), (1, 21), (4, 21), (8, 21), (3, 21)]","[(5, 21), (3, 21), (0, 21), (8, 21), (0, 0), (1, 0), (5, 0), (4, 0)]",256,4.921857026786261,242.45,11.93304236144329,0.10116070599999993,18.783968616927286,0.09539875141249998,0.01791967152626447
160,"[(4, 0), (6, 0), (2, 0), (0, 0), (3, 21), (0, 21), (8, 21), (7, 21)]","[(4, 21), (0, 21), (3, 21), (8, 21), (6, 0), (7, 0), (1, 0), (8, 0)]",256,4.924446356273229,242.53416149068323,11.94346467824578,0.11441781899999981,18.767696883900964,0.09551688226708073,0.017926318936838263
161,"[(1, 0), (4, 0), (5, 0), (8, 0), (2, 21), (0, 21), (6, 21), (7, 21)]","[(0, 21), (8, 21), (7, 21), (2, 21), (2, 0), (3, 0), (4, 0), (1, 0)]",240,4.910222715725983,242.5185185185185,11.90819938613842,0.09442536800000001,18.7112162012765,0.09551014452469134,0.017871109636166647
162,"[(6, 0), (5, 0), (0, 0), (3, 0), (7, 21), (2, 21), (8, 21), (6, 21)]","[(3, 21), (0, 21), (6, 21), (1, 21), (7, 0), (1, 0), (4, 0), (3, 0)]",224,4.9336284788072176,242.40490797546013,11.95935757390373,0.08105197099999994,18.708520382723304,0.09542144407361962,0.017851940314002043
163,"[(6, 0), (8, 0), (5, 0), (4, 0), (7, 21), (8, 21), (0, 21), (1, 21)]","[(6, 21), (7, 21), (5, 21), (1, 21), (4, 0), (8, 0), (6, 0), (0, 0)]",248,4.921152411170547,242.4390243902439,11.930793894398839,0.08865480899999989,18.667634855090277,0.09538018410365852,0.017805224492583833
164,"[(3, 0), (6, 0), (7, 0), (2, 0), (8, 21), (1, 21), (4, 21), (6, 21)]","[(8, 21), (1, 21), (4, 21), (3, 21), (0, 0), (7, 0), (8, 0), (5, 0)]",256,4.923718281923116,242.52121212121213,11.941061258753662,0.13788401399999994,18.87864399027161,0.09563778307272724,0.01805511658648842
165,"[(4, 0), (2, 0), (3, 0), (1, 0), (7, 21), (8, 21), (4, 21), (1, 21)]","[(8, 21), (4, 21), (5, 21), (6, 21), (7, 0), (2, 0), (0, 0), (4, 0)]",232,4.92161683014393,242.4578313253012,11.932845432508005,0.06849067399999997,18.98188390457352,0.0954742462710843,0.018122810585943838
166,"[(1, 0), (8, 0), (0, 0), (4, 0), (8, 21), (4, 21), (1, 21), (3, 21)]","[(1, 21), (7, 21), (0, 21), (4, 21), (2, 0), (5, 0), (8, 0), (3, 0)]",232,4.9194006803937,242.39520958083833,11.924391589361495,0.09015103000000035,18.93617670042057,0.09544237072455088,0.018073135967471426
167,"[(4, 0), (0, 0), (6, 0), (8, 0), (8, 21), (7, 21), (0, 21), (1, 21)]","[(6, 21), (1, 21), (4, 21), (7, 21), (5, 0), (7, 0), (3, 0), (0, 0)]",224,4.941586518810604,242.28571428571428,11.972758194146834,0.07187690500000032,19.002953287358768,0.09530210009523807,0.018110213562969987
168,"[(4, 0), (3, 0), (2, 0), (7, 0), (0, 21), (7, 21), (1, 21), (2, 21)]","[(8, 21), (5, 21), (6, 21), (0, 21), (0, 0), (7, 0), (3, 0), (8, 0)]",232,4.938931935627605,242.22485207100593,11.963320574961637,0.07124832000000003,19.0737634352387,0.09515977003550292,0.01815054942208899
169,"[(3, 0), (2, 0), (0, 0), (8, 0), (6, 21), (5, 21), (2, 21), (4, 21)]","[(8, 21), (0, 21), (6, 21), (5, 21), (6, 0), (3, 0), (0, 0), (1, 0)]",264,4.969508307599893,242.35294117647058,12.04374954547739,0.10203534099999967,19.017523202670628,0.0952002145705882,0.018104722894953837
170,"[(2, 0), (4, 0), (5, 0), (0, 0), (4, 21), (0, 21), (2, 21), (7, 21)]","[(2, 21), (6, 21), (8, 21), (4, 21), (3, 0), (0, 0), (1, 0), (5, 0)]",248,4.957464920209379,242.3859649122807,12.016199182037331,0.10910488999999979,18.978300026993043,0.09528152846198829,0.018082814341820908
171,"[(5, 0), (7, 0), (8, 0), (4, 0), (3, 21), (1, 21), (2, 21), (6, 21)]","[(2, 21), (1, 21), (4, 21), (6, 21), (2, 0), (8, 0), (4, 0), (7, 0)]",224,4.978756031670739,242.27906976744185,12.062483799522267,0.06677571100000002,19.09246883399767,0.09511579696511625,0.018159953891773325
172,"[(5, 0), (8, 0), (3, 0), (7, 0), (4, 21), (3, 21), (8, 21), (0, 21)]","[(0, 21), (2, 21), (6, 21), (7, 21), (4, 0), (0, 0), (2, 0), (5, 0)]",232,4.9759739645520895,242.21965317919074,12.0527868792249,0.09630678100000001,19.036067172056534,0.09512268126589592,0.018107617501637183
173,"[(3, 0), (2, 0), (6, 0), (5, 0), (8, 21), (5, 21), (0, 21), (2, 21)]","[(2, 21), (3, 21), (5, 21), (7, 21), (6, 0), (5, 0), (3, 0), (2, 0)]",224,4.996288301557829,242.11494252873564,12.09676054988668,0.08534210600000014,19.008425884041653,0.09506647106321837,0.018070639692625772
174,"[(7, 0), (1, 0), (8, 0), (5, 0), (7, 21), (2, 21), (0, 21), (3, 21)]","[(2, 21), (6, 21), (0, 21), (7, 21), (8, 0), (7, 0), (5, 0), (1, 0)]",232,4.993127126119844,242.05714285714285,12.086220860710661,0.08132277200000004,19.001034607597507,0.09498793563999998,0.01804869052399884
175,"[(6, 0), (4, 0), (8, 0), (0, 0), (6, 21), (3, 21), (2, 21), (4, 21)]","[(2, 21), (5, 21), (0, 21), (3, 21), (4, 0), (7, 0), (0, 0), (2, 0)]",232,4.989884272673277,242.0,12.07551993986933,0.08559936799999956,18.972191272766285,0.0949345915056818,0.018011172284477284
176,"[(0, 0), (2, 0), (7, 0), (5, 0), (6, 21), (4, 21), (0, 21), (1, 21)]","[(3, 21), (4, 21), (6, 21), (5, 21), (6, 0), (3, 0), (2, 0), (0, 0)]",240,4.976386502413243,241.98870056497177,12.042293032280455,0.08152445200000003,18.963257817431753,0.0948588280056497,0.017988324117305506
177,"[(5, 0), (7, 0), (1, 0), (4, 0), (3, 21), (0, 21), (6, 21), (5, 21)]","[(2, 21), (0, 21), (7, 21), (1, 21), (6, 0), (8, 0), (2, 0), (4, 0)]",240,4.962997479898732,241.97752808988764,12.009338621022371,0.09978358899999984,18.908381176080006,0.09488649520224716,0.01794150019746376
178,"[(1, 0), (4, 0), (2, 0), (8, 0), (7, 21), (1, 21), (5, 21), (2, 21)]","[(1, 21), (3, 21), (4, 21), (0, 21), (5, 0), (4, 0), (6, 0), (7, 0)]",248,4.951901807952123,242.01117318435755,11.984155660362346,0.07697931400000035,18.92784124633186,0.09478645508379886,0.017941029741287102
179,"[(4, 0), (0, 0), (3, 0), (2, 0), (8, 21), (1, 21), (3, 21), (5, 21)]","[(4, 21), (5, 21), (2, 21), (1, 21), (3, 0), (7, 0), (6, 0), (0, 0)]",248,4.940872452814444,242.04444444444445,11.959107279123316,0.09655449599999999,18.873744031543062,0.09479627753333332,0.017891606773072492
180,"[(2, 0), (0, 0), (3, 0), (7, 0), (8, 21), (7, 21), (4, 21), (3, 21)]","[(6, 21), (0, 21), (1, 21), (2, 21), (7, 0), (5, 0), (3, 0), (8, 0)]",232,4.937929185230587,241.9889502762431,11.94924300072374,0.09493398999999991,18.82138642285271,0.0947970383756906,0.017842116910108705
181,"[(8, 0), (2, 0), (5, 0), (6, 0), (1, 21), (7, 21), (2, 21), (0, 21)]","[(8, 21), (7, 21), (6, 21), (1, 21), (8, 0), (1, 0), (0, 0), (4, 0)]",240,4.9249419703291135,241.97802197802199,11.917277163367812,0.07839083300000027,18.831063410122567,0.09470689439010987,0.017834315336359402
182,"[(8, 0), (0, 0), (5, 0), (2, 0), (4, 21), (1, 21), (2, 21), (8, 21)]","[(5, 21), (4, 21), (8, 21), (2, 21), (0, 0), (1, 0), (3, 0), (7, 0)]",232,4.921974784599413,241.92349726775956,11.907413533540174,0.0673278909999997,18.92998732876864,0.09455728234972675,0.01789968156723126
183,"[(1, 0), (6, 0), (0, 0), (2, 0), (0, 21), (3, 21), (8, 21), (4, 21)]","[(3, 21), (7, 21), (1, 21), (0, 21), (1, 0), (4, 0), (8, 0), (7, 0)]",224,4.9407002286828385,241.82608695652175,11.94790203127563,0.09261971100000022,18.8811808344518,0.09454675207065216,0.017851543231560636
184,"[(8, 0), (1, 0), (4, 0), (6, 0), (0, 21), (6, 21), (1, 21), (3, 21)]","[(4, 21), (5, 21), (7, 21), (0, 21), (5, 0), (8, 0), (3, 0), (4, 0)]",232,4.937412269313645,241.77297297297298,11.937328431451933,0.09387527099999993,18.830876387596803,0.09454312244324321,0.01780329852026142
185,"[(6, 0), (2, 0), (7, 0), (1, 0), (3, 21), (7, 21), (8, 21), (2, 21)]","[(6, 21), (2, 21), (5, 21), (1, 21), (3, 0), (7, 0), (6, 0), (1, 0)]",232,4.934058144718074,241.72043010752688,11.926626569167992,0.09140684500000029,18.785104473323393,0.09452626073655912,0.017756856834088702
186,"[(3, 0), (4, 0), (7, 0), (8, 0), (5, 21), (2, 21), (8, 21), (7, 21)]","[(1, 21), (6, 21), (0, 21), (2, 21), (3, 0), (8, 0), (1, 0), (6, 0)]",240,4.921308877864166,241.71122994652407,11.895356218152958,0.08148079600000013,18.77568423601818,0.09445649889304812,0.01773485397255672
187,"[(7, 0), (2, 0), (0, 0), (5, 0), (4, 21), (1, 21), (8, 21), (3, 21)]","[(7, 21), (3, 21), (1, 21), (0, 21), (6, 0), (8, 0), (1, 0), (2, 0)]",256,4.925453234924196,241.7872340425532,11.909117140782673,0.10327608399999999,18.72869310121957,0.09450341157978723,0.01769925392496075
188,"[(3, 0), (0, 0), (1, 0), (6, 0), (5, 21), (7, 21), (0, 21), (3, 21)]","[(0, 21), (6, 21), (3, 21), (4, 21), (7, 0), (6, 0), (4, 0), (8, 0)]",248,4.91527295636882,241.82010582010582,11.886118264438123,0.10836905499999983,18.694870441689314,0.09457677477248677,0.017681005511644705
189,"[(4, 0), (5, 0), (2, 0), (0, 0), (1, 21), (5, 21), (2, 21), (7, 21)]","[(4, 21), (6, 21), (1, 21), (0, 21), (0, 0), (5, 0), (8, 0), (2, 0)]",240,4.902817678851741,241.81052631578947,11.855529233534968,0.1038342059999997,18.649447154959514,0.09462549809473683,0.017647132262295168
190,"[(3, 0), (8, 0), (2, 0), (7, 0), (2, 21), (4, 21), (7, 21), (8, 21)]","[(8, 21), (2, 21), (7, 21), (1, 21), (3, 0), (7, 0), (8, 0), (2, 0)]",240,4.890456480881136,241.80104712041884,11.825174979738973,0.0883755879999999,18.613105539261227,0.09459277605235603,0.017606653239142046
191,"[(2, 0), (5, 0), (4, 0), (7, 0), (1, 21), (6, 21), (7, 21), (0, 21)]","[(6, 21), (0, 21), (2, 21), (8, 21), (1, 0), (7, 0), (4, 0), (2, 0)]",224,4.908286439904566,241.70833333333334,11.863737349119328,0.07712735000000004,18.629998261562427,0.09450181029166665,0.01760568561448252
192,"[(6, 0), (7, 0), (3, 0), (1, 0), (0, 21), (5, 21), (7, 21), (8, 21)]","[(4, 21), (2, 21), (7, 21), (3, 21), (5, 0), (1, 0), (8, 0), (0, 0)]",232,4.905060597383224,241.6580310880829,11.853472863313657,0.09333785600000022,18.58306766517969,0.0944957794404145,0.017560214634151184
193,"[(3, 0), (1, 0), (6, 0), (7, 0), (6, 21), (8, 21), (0, 21), (5, 21)]","[(3, 21), (0, 21), (4, 21), (6, 21), (2, 0), (5, 0), (8, 0), (1, 0)]",248,4.895348304389661,241.69072164948454,11.831602644135177,0.10588263299999978,18.543669017355857,0.09455447456185567,0.017533868803850456
194,"[(4, 0), (5, 0), (0, 0), (2, 0), (0, 21), (2, 21), (4, 21), (6, 21)]","[(8, 21), (6, 21), (5, 21), (2, 21), (4, 0), (6, 0), (1, 0), (7, 0)]",256,4.899570836202409,241.76410256410256,11.84540346163725,0.11594505600000016,18.544994977373456,0.09466416985128204,0.01755546554429253
195,"[(2, 0), (7, 0), (5, 0), (8, 0), (1, 21), (0, 21), (5, 21), (7, 21)]","[(2, 21), (6, 21), (8, 21), (0, 21), (4, 0), (5, 0), (0, 0), (7, 0)]",256,4.903556322204451,241.83673469387756,11.858600493494437,0.08798111099999995,18.511130530137343,0.09463007261224489,0.0175170962620164
196,"[(4, 0), (1, 0), (6, 0), (3, 0), (5, 21), (7, 21), (1, 21), (8, 21)]","[(2, 21), (5, 21), (4, 21), (6, 21), (7, 0), (1, 0), (4, 0), (5, 0)]",248,4.893813909277302,241.86802030456852,11.836570819758624,0.07682690500000033,18.530127425014598,0.09453970120304567,0.01751832710015242
197,"[(0, 0), (6, 0), (3, 0), (1, 0), (5, 21), (2, 21), (8, 21), (4, 21)]","[(3, 21), (8, 21), (2, 21), (4, 21), (4, 0), (5, 0), (1, 0), (8, 0)]",232,4.891008105615258,241.8181818181818,11.827346873578716,0.05841015900000013,18.7168744957491,0.09435722876767676,0.017660724086112925
198,"[(5, 0), (4, 0), (2, 0), (8, 0), (6, 21), (7, 21), (2, 21), (0, 21)]","[(7, 21), (4, 21), (3, 21), (5, 21), (8, 0), (5, 0), (4, 0), (2, 0)]",232,4.888140802399256,241.76884422110552,11.818001521860955,0.08146511399999978,18.707612630957872,0.09429244427135677,0.017639865214547253
199,"[(0, 0), (2, 0), (7, 0), (5, 0), (0, 21), (1, 21), (4, 21), (5, 21)]","[(1, 21), (4, 21), (0, 21), (2, 21), (6, 0), (2, 0), (1, 0), (5, 0)]",248,4.878664053948264,241.8,11.796609682446903,0.10776884300000011,18.674648841602977,0.09435982626499997,0.0176213662025354
200,"[(7, 0), (3, 0), (5, 0), (4, 0), (8, 21), (6, 21), (4, 21), (3, 21)]","[(7, 21), (4, 21), (5, 21), (2, 21), (5, 0), (3, 0), (1, 0), (4, 0)]",256,4.882595883008911,241.87064676616916,11.809566241212,0.08209789400000034,18.662626549709167,0.09429882162686565,0.017598636920998317
201,"[(5, 0), (8, 0), (6, 0), (2, 0), (8, 21), (0, 21), (7, 21), (1, 21)]","[(6, 21), (3, 21), (4, 21), (8, 21), (3, 0), (0, 0), (1, 0), (7, 0)]",232,4.879895857573192,241.82178217821783,11.80065113122452,0.07852714600000033,18.668804652427077,0.09422074402475247,0.017589886644044397
202,"[(5, 0), (2, 0), (0, 0), (3, 0), (0, 21), (1, 21), (2, 21), (7, 21)]","[(6, 21), (5, 21), (8, 21), (2, 21), (1, 0), (8, 0), (0, 0), (6, 0)]",248,4.870533926614151,241.85221674876848,11.77949426901716,0.09718232599999999,18.6211825584909,0.09423533309852215,0.01754773341087781
203,"[(6, 0), (0, 0), (2, 0), (3, 0), (2, 21), (1, 21), (6, 21), (0, 21)]","[(3, 21), (1, 21), (5, 21), (4, 21), (7, 0), (6, 0), (1, 0), (0, 0)]",248,4.861218503738045,241.88235294117646,11.758429698453435,0.09144365999999993,18.579336659613315,0.09422164842647057,0.017505757267391217
204,"[(1, 0), (8, 0), (4, 0), (0, 0), (7, 21), (0, 21), (4, 21), (1, 21)]","[(2, 21), (3, 21), (1, 21), (4, 21), (0, 0), (2, 0), (8, 0), (1, 0)]",232,4.858663034773938,241.83414634146342,11.749906273753794,0.07180485599999997,18.629564799296954,0.09411229821951218,0.017532711580911617
205,"[(8, 0), (1, 0), (0, 0), (7, 0), (4, 21), (7, 21), (6, 21), (1, 21)]","[(0, 21), (7, 21), (2, 21), (3, 21), (6, 0), (8, 0), (4, 0), (0, 0)]",256,4.8625424304601195,241.90291262135923,11.76263176673246,0.10815328000000024,18.59972901793535,0.0941804583252427,0.017517310036344675
206,"[(4, 0), (2, 0), (7, 0), (0, 0), (1, 21), (3, 21), (8, 21), (4, 21)]","[(0, 21), (4, 21), (6, 21), (2, 21), (8, 0), (0, 0), (3, 0), (1, 0)]",232,4.860041778154113,241.85507246376812,11.754257564324035,0.08692630600000006,18.56934161347845,0.09414541411111109,0.017482183559716164
207,"[(0, 0), (3, 0), (5, 0), (2, 0), (1, 21), (5, 21), (7, 21), (8, 21)]","[(2, 21), (1, 21), (6, 21), (0, 21), (6, 0), (8, 0), (5, 0), (3, 0)]",224,4.876894307928181,241.76923076923077,11.790829853706365,0.07063608400000021,18.627366475980565,0.09403238848557692,0.017515757609326162
208,"[(0, 0), (4, 0), (8, 0), (7, 0), (3, 21), (5, 21), (6, 21), (4, 21)]","[(7, 21), (4, 21), (8, 21), (1, 21), (6, 0), (5, 0), (4, 0), (3, 0)]",264,4.904256747361336,241.8755980861244,11.86220033935934,0.15173870799999944,19.003371366352003,0.09430849527751195,0.017921793587604134
209,"[(3, 0), (0, 0), (7, 0), (2, 0), (2, 21), (6, 21), (4, 21), (5, 21)]","[(4, 21), (0, 21), (2, 21), (3, 21), (3, 0), (1, 0), (6, 0), (8, 0)]",240,4.8930379117182214,241.86666666666667,11.83462769580914,0.1014385149999999,18.958388961358285,0.09434244775238093,0.017885808200562594
210,"[(3, 0), (4, 0), (1, 0), (7, 0), (3, 21), (8, 21), (4, 21), (6, 21)]","[(3, 21), (1, 21), (8, 21), (6, 21), (0, 0), (4, 0), (3, 0), (2, 0)]",224,4.9094412869623945,241.781990521327,11.870144867093531,0.09824925400000017,18.91183712726249,0.09436096342180095,0.01784539171404673
211,"[(5, 0), (3, 0), (6, 0), (8, 0), (0, 21), (7, 21), (2, 21), (6, 21)]","[(4, 21), (2, 21), (6, 21), (1, 21), (8, 0), (7, 0), (4, 0), (5, 0)]",240,4.898279350862181,241.77358490566039,11.842745585273205,0.07686955299999987,18.926431696385585,0.09427845676886792,0.0178435477247662
212,"[(7, 0), (3, 0), (6, 0), (2, 0), (7, 21), (0, 21), (5, 21), (3, 21)]","[(1, 21), (8, 21), (2, 21), (3, 21), (6, 0), (5, 0), (7, 0), (1, 0)]",240,4.887193106487872,241.76525821596243,11.81553503341312,0.10823455199999987,18.895914044303016,0.094343978342723,0.01782715705361679
213,"[(4, 0), (2, 0), (8, 0), (1, 0), (0, 21), (3, 21), (7, 21), (2, 21)]","[(6, 21), (1, 21), (4, 21), (0, 21), (1, 0), (2, 0), (7, 0), (3, 0)]",256,4.890921966868487,241.83177570093457,11.827803440625136,0.11764153600000027,18.904973611046884,0.09445284543457944,0.017856285504290144
214,"[(6, 0), (2, 0), (8, 0), (5, 0), (8, 21), (2, 21), (6, 21), (4, 21)]","[(1, 21), (3, 21), (0, 21), (5, 21), (7, 0), (6, 0), (4, 0), (3, 0)]",240,4.879978563989233,241.8232558139535,11.800923046461776,0.08699420800000013,18.87554151621166,0.09441815409767443,0.017821937875547235
215,"[(3, 0), (5, 0), (2, 0), (8, 0), (1, 21), (0, 21), (4, 21), (2, 21)]","[(7, 21), (8, 21), (6, 21), (0, 21), (8, 0), (1, 0), (6, 0), (2, 0)]",248,4.871179756934326,241.85185185185185,11.781038449178201,0.0814353539999999,18.866926888828548,0.09435804854166667,0.017802464032081602
216,"[(0, 0), (8, 0), (3, 0), (4, 0), (7, 21), (2, 21), (6, 21), (4, 21)]","[(0, 21), (8, 21), (7, 21), (1, 21), (7, 0), (8, 0), (4, 0), (5, 0)]",240,4.86039105929311,241.84331797235023,11.754531004225917,0.09821884700000005,18.821895301884528,0.09437584023963133,0.017763321840177218
217,"[(7, 0), (6, 0), (3, 0), (8, 0), (0, 21), (3, 21), (5, 21), (1, 21)]","[(8, 21), (0, 21), (6, 21), (1, 21), (6, 0), (2, 0), (8, 0), (7, 0)]",232,4.857930643640869,241.7981651376147,11.746387159981536,0.06794309599999959,18.89808553291123,0.09425458911926606,0.017812312870452943
218,"[(5, 0), (0, 0), (6, 0), (2, 0), (4, 21), (0, 21), (1, 21), (8, 21)]","[(1, 21), (7, 21), (5, 21), (3, 21), (3, 0), (2, 0), (1, 0), (0, 0)]",232,4.855418622262793,241.75342465753425,11.738140800779966,0.10245330600000013,18.85651814084276,0.0942920261826484,0.0177801930224993
219,"[(0, 0), (1, 0), (5, 0), (4, 0), (3, 21), (2, 21), (1, 21), (6, 21)]","[(6, 21), (8, 21), (3, 21), (2, 21), (3, 0), (7, 0), (2, 0), (8, 0)]",232,4.852856512466949,241.70909090909092,11.729795359406477,0.1024496749999999,18.815213102715145,0.09432910640454545,0.017748222387902145
220,"[(4, 0), (8, 0), (6, 0), (2, 0), (7, 21), (6, 21), (8, 21), (0, 21)]","[(2, 21), (7, 21), (6, 21), (4, 21), (4, 0), (7, 0), (1, 0), (2, 0)]",264,4.8792291669317205,241.80995475113122,11.798461840761588,0.094273426,18.772647042439036,0.09432885445701357,0.01770802290639118
221,"[(1, 0), (6, 0), (2, 0), (7, 0), (4, 21), (5, 21), (0, 21), (8, 21)]","[(3, 21), (4, 21), (1, 21), (6, 21), (2, 0), (3, 0), (1, 0), (6, 0)]",256,4.882771118893764,241.87387387387386,11.810147657663043,0.2183904339999998,20.575708931424774,0.0948876904009009,0.019523814988640857
222,"[(5, 0), (4, 0), (1, 0), (3, 0), (1, 21), (7, 21), (5, 21), (4, 21)]","[(7, 21), (0, 21), (8, 21), (2, 21), (5, 0), (3, 0), (1, 0), (0, 0)]",232,4.880333515057492,241.82959641255604,11.802090843050244,0.09888970799999974,20.52757478538627,0.09490563666816143,0.019481825542603814
223,"[(2, 0), (7, 0), (5, 0), (3, 0), (1, 21), (4, 21), (0, 21), (7, 21)]","[(5, 21), (0, 21), (8, 21), (7, 21), (3, 0), (2, 0), (6, 0), (8, 0)]",240,4.869853413126414,241.82142857142858,11.776349092956767,0.07114173300000015,20.57261158932059,0.09479954781249998,0.019502742759897888
224,"[(1, 0), (0, 0), (5, 0), (4, 0), (5, 21), (2, 21), (4, 21), (3, 21)]","[(3, 21), (5, 21), (7, 21), (1, 21), (4, 0), (3, 0), (6, 0), (5, 0)]",248,4.861438798847348,241.8488888888889,11.757335719025658,0.12126158699999978,20.58511250762967,0.09491715687555553,0.019538803531876456
225,"[(7, 0), (3, 0), (2, 0), (1, 0), (7, 21), (1, 21), (4, 21), (3, 21)]","[(1, 21), (7, 21), (6, 21), (0, 21), (1, 0), (5, 0), (0, 0), (7, 0)]",256,4.8649333842209534,241.91150442477877,11.768833539032212,0.08204754999999997,20.571566640933455,0.09486021171238936,0.01951423166814474
226,"[(2, 0), (1, 0), (8, 0), (6, 0), (6, 21), (1, 21), (0, 21), (4, 21)]","[(2, 21), (4, 21), (1, 21), (0, 21), (3, 0), (2, 0), (5, 0), (1, 0)]",264,4.889758113843334,242.00881057268722,11.83364545119372,0.11336888999999939,20.549174263856198,0.09494174774008808,0.019509745192261455
227,"[(1, 0), (4, 0), (0, 0), (8, 0), (0, 21), (3, 21), (8, 21), (1, 21)]","[(2, 21), (1, 21), (8, 21), (7, 21), (7, 0), (3, 0), (5, 0), (0, 0)]",232,4.887557873072133,241.96491228070175,11.82617512024752,0.08489776400000038,20.525498509358947,0.09489769517982453,0.019478225009550883
228,"[(7, 0), (2, 0), (5, 0), (6, 0), (1, 21), (5, 21), (6, 21), (0, 21)]","[(3, 21), (0, 21), (4, 21), (7, 21), (4, 0), (7, 0), (1, 0), (0, 0)]",256,4.890610377048907,242.02620087336246,11.836558495089898,0.10681143199999976,20.486125396051484,0.09494972023144102,0.019451518749813074
229,"[(7, 0), (8, 0), (6, 0), (0, 0), (8, 21), (4, 21), (1, 21), (3, 21)]","[(1, 21), (8, 21), (7, 21), (0, 21), (7, 0), (0, 0), (1, 0), (3, 0)]",256,4.893501829289195,242.08695652173913,11.846529645861843,0.0836681669999999,20.46705759709043,0.09490066999999998,0.019423374788924714
230,"[(6, 0), (2, 0), (4, 0), (7, 0), (2, 21), (8, 21), (5, 21), (4, 21)]","[(1, 21), (5, 21), (6, 21), (0, 21), (2, 0), (8, 0), (5, 0), (1, 0)]",240,4.883408583647659,242.07792207792207,11.821654025869138,0.09664631600000018,20.42143945650789,0.09490822690909088,0.019381626097485123
231,"[(3, 0), (7, 0), (5, 0), (6, 0), (8, 21), (1, 21), (4, 21), (0, 21)]","[(0, 21), (3, 21), (6, 21), (2, 21), (2, 0), (3, 0), (4, 0), (7, 0)]",248,4.874993343207763,242.10344827586206,11.802526987124724,0.09911046599999995,20.375555938035987,0.09492634000862069,0.019341769508386744
232,"[(6, 0), (1, 0), (7, 0), (2, 0), (3, 21), (8, 21), (4, 21), (1, 21)]","[(1, 21), (8, 21), (4, 21), (3, 21), (0, 0), (1, 0), (4, 0), (8, 0)]",264,4.8984174761574195,242.19742489270385,11.863840987747446,0.10232793900000026,20.33136900807488,0.09495810652789698,0.019306283041267577
233,"[(7, 0), (2, 0), (6, 0), (5, 0), (2, 21), (5, 21), (7, 21), (6, 21)]","[(2, 21), (6, 21), (1, 21), (0, 21), (1, 0), (8, 0), (3, 0), (7, 0)]",224,4.914028439184628,242.1196581196581,11.897828856856593,0.06544347900000025,20.4160595902646,0.09483197564102563,0.019360952657497002
234,"[(4, 0), (6, 0), (7, 0), (2, 0), (1, 21), (6, 21), (7, 21), (2, 21)]","[(8, 21), (7, 21), (2, 21), (5, 21), (7, 0), (5, 0), (3, 0), (1, 0)]",232,4.911977357163115,242.07659574468084,11.890747569970014,0.08786434999999981,20.38456126461176,0.09480232617021275,0.01932503825844409
235,"[(4, 0), (3, 0), (6, 0), (5, 0), (0, 21), (6, 21), (5, 21), (8, 21)]","[(7, 21), (8, 21), (4, 21), (0, 21), (2, 0), (1, 0), (5, 0), (8, 0)]",248,4.903627492863341,242.10169491525423,11.871765272552535,0.10166962000000002,20.340525839273525,0.09483142487288135,0.019289210480019692
236,"[(3, 0), (4, 0), (6, 0), (7, 0), (6, 21), (7, 21), (5, 21), (3, 21)]","[(0, 21), (1, 21), (4, 21), (7, 21), (1, 0), (6, 0), (0, 0), (4, 0)]",256,4.906211175949024,242.16033755274262,11.880897544728539,0.0813537800000006,20.33065463698771,0.09477455717299578,0.019268287902576234
237,"[(2, 0), (8, 0), (0, 0), (7, 0), (1, 21), (7, 21), (8, 21), (3, 21)]","[(4, 21), (3, 21), (6, 21), (7, 21), (7, 0), (6, 0), (8, 0), (1, 0)]",240,4.89641675470265,242.15126050420167,11.85673489105139,0.10668745700000049,20.2934660639425,0.09482461137394957,0.019243200329437816
238,"[(1, 0), (4, 0), (6, 0), (5, 0), (3, 21), (8, 21), (1, 21), (0, 21)]","[(1, 21), (2, 21), (4, 21), (8, 21), (6, 0), (0, 0), (1, 0), (5, 0)]",248,4.88815517502426,242.17573221757323,11.837925587046202,0.08720212500000013,20.264428718943748,0.094792718125523,0.01920920279529588
239,"[(5, 0), (2, 0), (1, 0), (4, 0), (2, 21), (6, 21), (1, 21), (3, 21)]","[(8, 21), (0, 21), (5, 21), (2, 21), (7, 0), (3, 0), (1, 0), (4, 0)]",256,4.890636970181634,242.23333333333332,11.84675295410331,0.10374455099999924,20.223356859643317,0.09483001742916665,0.019177812834762328
240,"[(6, 0), (5, 0), (2, 0), (0, 0), (1, 21), (5, 21), (6, 21), (0, 21)]","[(7, 21), (1, 21), (4, 21), (5, 21), (5, 0), (2, 0), (6, 0), (1, 0)]",248,4.882396195528925,242.25726141078837,11.827959314512892,0.1023324729999997,20.18113789653613,0.09486114795020745,0.01914405907806852
241,"[(1, 0), (5, 0), (4, 0), (7, 0), (7, 21), (5, 21), (8, 21), (1, 21)]","[(8, 21), (0, 21), (4, 21), (5, 21), (2, 0), (3, 0), (8, 0), (5, 0)]",240,4.872852394815759,242.2479338842975,11.804384247672688,0.08721052799999995,20.15275880838725,0.0948295338181818,0.019110767229496197
242,"[(3, 0), (8, 0), (5, 0), (4, 0), (8, 21), (4, 21), (7, 21), (0, 21)]","[(6, 21), (5, 21), (0, 21), (4, 21), (2, 0), (4, 0), (0, 0), (1, 0)]",264,4.894864512925329,242.33744855967078,11.862089771075999,0.12236648400000005,20.172877080345078,0.09494285460082302,0.01915270535519478
243,"[(6, 0), (8, 0), (2, 0), (4, 0), (3, 21), (2, 21), (5, 21), (6, 21)]","[(3, 21), (1, 21), (2, 21), (8, 21), (5, 0), (1, 0), (7, 0), (8, 0)]",240,4.8854055401688194,242.327868852459,11.838699130291063,0.09343603900000019,20.13306165005554,0.09493667912704916,0.01911366013716422
244,"[(8, 0), (0, 0), (5, 0), (4, 0), (2, 21), (3, 21), (7, 21), (5, 21)]","[(7, 21), (4, 21), (6, 21), (3, 21), (1, 0), (8, 0), (2, 0), (6, 0)]",232,4.8838411719036925,242.28571428571428,11.83284946792666,0.08942902199999958,20.10009565147836,0.09491419889387753,0.019077844764503797
245,"[(4, 0), (0, 0), (6, 0), (5, 0), (8, 21), (1, 21), (7, 21), (0, 21)]","[(0, 21), (3, 21), (1, 21), (7, 21), (2, 0), (6, 0), (3, 0), (8, 0)]",248,4.875746794541426,242.3089430894309,11.814370525570135,0.1222976650000005,20.119426665891652,0.09502551379674794,0.019118588562223454
246,"[(7, 0), (6, 0), (0, 0), (8, 0), (6, 21), (7, 21), (0, 21), (2, 21)]","[(6, 21), (1, 21), (0, 21), (8, 21), (3, 0), (6, 0), (5, 0), (8, 0)]",240,4.866430794498537,242.2995951417004,11.791342112920992,0.0842716139999995,20.100722871487985,0.09498197574089066,0.01909206372154038
247,"[(2, 0), (6, 0), (8, 0), (4, 0), (0, 21), (4, 21), (1, 21), (3, 21)]","[(8, 21), (0, 21), (5, 21), (3, 21), (2, 0), (1, 0), (0, 0), (6, 0)]",240,4.857167811798417,242.29032258064515,11.768447559489648,0.10240140099999984,20.05994479256692,0.09501189277822579,0.01905933323768497
248,"[(2, 0), (6, 0), (4, 0), (7, 0), (2, 21), (1, 21), (6, 21), (7, 21)]","[(1, 21), (5, 21), (6, 21), (7, 21), (0, 0), (6, 0), (1, 0), (7, 0)]",264,4.8786610916361255,242.37751004016064,11.824777277205762,0.10320605699999952,20.020118255982815,0.09504480106827308,0.01902808157003189
249,"[(1, 0), (8, 0), (3, 0), (0, 0), (5, 21), (6, 21), (1, 21), (3, 21)]","[(4, 21), (6, 21), (2, 21), (3, 21), (2, 0), (6, 0), (7, 0), (8, 0)]",232,4.877223497981672,242.336,11.819268336068864,0.09572959800000014,19.979513845925002,0.09504754025599998,0.018990036465658656
250,"[(5, 0), (6, 0), (3, 0), (8, 0), (4, 21), (7, 21), (1, 21), (5, 21)]","[(4, 21), (3, 21), (5, 21), (6, 21), (6, 0), (2, 0), (3, 0), (5, 0)]",232,4.875736345482198,242.29482071713147,11.81365663692611,0.09786407899999983,19.9381941478494,0.09505876152589639,0.01895300042757439
251,"[(8, 0), (0, 0), (5, 0), (7, 0), (0, 21), (7, 21), (8, 21), (3, 21)]","[(5, 21), (0, 21), (8, 21), (1, 21), (2, 0), (6, 0), (5, 0), (1, 0)]",232,4.874200832034845,242.25396825396825,11.80794493627235,0.06992520299999949,19.988876161397286,0.09495902518253967,0.018981241947807915
252,"[(5, 0), (6, 0), (7, 0), (0, 0), (6, 21), (1, 21), (0, 21), (3, 21)]","[(2, 21), (0, 21), (3, 21), (8, 21), (6, 0), (0, 0), (4, 0), (7, 0)]",232,4.872618126443419,242.21343873517787,11.802135920492203,0.06211812200000022,20.09447565547381,0.09482921924110671,0.019055434374680075
253,"[(4, 0), (3, 0), (5, 0), (2, 0), (5, 21), (2, 21), (7, 21), (8, 21)]","[(8, 21), (6, 21), (2, 21), (4, 21), (6, 0), (7, 0), (2, 0), (8, 0)]",240,4.8635285767926195,242.20472440944883,11.779695985995353,0.09313631900000008,20.056601832116407,0.09482255427952754,0.019018182158887297
254,"[(6, 0), (1, 0), (7, 0), (0, 0), (6, 21), (2, 21), (1, 21), (4, 21)]","[(4, 21), (3, 21), (0, 21), (2, 21), (5, 0), (4, 0), (6, 0), (0, 0)]",256,4.86593182438486,242.25882352941176,11.788149191498002,0.10552547099999998,20.020801505470644,0.09486452650196077,0.018992638550062158
255,"[(6, 0), (1, 0), (7, 0), (4, 0), (5, 21), (4, 21), (3, 21), (1, 21)]","[(7, 21), (2, 21), (4, 21), (0, 21), (8, 0), (6, 0), (4, 0), (2, 0)]",224,4.880558812105261,242.1875,11.820103373067429,0.06056877100000069,20.136948977265426,0.09473055870703123,0.01907584427271335
256,"[(0, 0), (5, 0), (6, 0), (4, 0), (4, 21), (7, 21), (6, 21), (5, 21)]","[(3, 21), (6, 21), (2, 21), (0, 21), (5, 0), (3, 0), (2, 0), (7, 0)]",224,4.894870100488936,242.11673151750972,11.851299499331656,0.08991027599999946,20.104210854272957,0.09471180274319063,0.019041060527374122
257,"[(8, 0), (2, 0), (3, 0), (5, 0), (1, 21), (6, 21), (2, 21), (8, 21)]","[(4, 21), (1, 21), (8, 21), (7, 21), (3, 0), (7, 0), (1, 0), (6, 0)]",232,4.893061469172295,242.07751937984497,11.84500182630329,0.09121166899999977,20.069400009928508,0.09469823633333332,0.01900536785208412
258,"[(4, 0), (6, 0), (5, 0), (1, 0), (6, 21), (8, 21), (3, 21), (7, 21)]","[(5, 21), (1, 21), (6, 21), (2, 21), (6, 0), (2, 0), (8, 0), (7, 0)]",232,4.891211816420827,242.03861003861005,11.83862109450922,0.07744064700000042,20.076603461685924,0.0946316047142857,0.01899881202791722
259,"[(2, 0), (6, 0), (7, 0), (5, 0), (5, 21), (6, 21), (4, 21), (3, 21)]","[(3, 21), (1, 21), (7, 21), (8, 21), (6, 0), (1, 0), (8, 0), (4, 0)]",248,4.883713866879721,242.06153846153848,11.821592920228543,0.09366449199999938,20.03884492653065,0.09462788504999997,0.018962335142425176
260,"[(1, 0), (0, 0), (7, 0), (3, 0), (6, 21), (0, 21), (2, 21), (1, 21)]","[(7, 21), (8, 21), (2, 21), (0, 21), (2, 0), (3, 0), (0, 0), (1, 0)]",256,4.886235331887699,242.11494252873564,11.830305865618676,0.12225392399999979,20.059142135530706,0.09473373194252871,0.019002773940644486
261,"[(3, 0), (8, 0), (0, 0), (6, 0), (4, 21), (3, 21), (2, 21), (6, 21)]","[(3, 21), (4, 21), (7, 21), (5, 21), (2, 0), (3, 0), (1, 0), (5, 0)]",232,4.884479398319595,242.0763358778626,11.824168754161144,0.09190927999999987,20.023947449288418,0.09472295159160304,0.0189672740491175
262,"[(4, 0), (5, 0), (6, 0), (7, 0), (1, 21), (4, 21), (3, 21), (6, 21)]","[(8, 21), (5, 21), (6, 21), (0, 21), (0, 0), (2, 0), (8, 0), (7, 0)]",232,4.882683448169141,242.0380228136882,11.817950478199803,0.06461932299999962,20.105621838925245,0.09460848912547526,0.01902162505108877
263,"[(8, 0), (7, 0), (1, 0), (4, 0), (7, 21), (5, 21), (0, 21), (8, 21)]","[(8, 21), (5, 21), (1, 21), (0, 21), (7, 0), (5, 0), (4, 0), (8, 0)]",232,4.880848433216939,242.0,11.811653208384993,0.07083261899999993,20.145976309721338,0.0945184290113636,0.01904166031695009
264,"[(2, 0), (0, 0), (8, 0), (4, 0), (4, 21), (6, 21), (5, 21), (2, 21)]","[(4, 21), (3, 21), (7, 21), (5, 21), (6, 0), (7, 0), (0, 0), (5, 0)]",240,4.872046050868361,241.99245283018868,11.789983741512689,0.07910118100000041,20.145184706978352,0.09446025071698111,0.019029191981610686
265,"[(1, 0), (7, 0), (6, 0), (8, 0), (4, 21), (6, 21), (3, 21), (5, 21)]","[(5, 21), (6, 21), (3, 21), (2, 21), (0, 0), (1, 0), (2, 0), (3, 0)]",224,4.885486691341466,241.9248120300752,11.819204494782182,0.07697903700000008,20.153174661846112,0.09439453186842103,0.01902349487867488
266,"[(5, 0), (2, 0), (4, 0), (6, 0), (6, 21), (2, 21), (0, 21), (7, 21)]","[(5, 21), (3, 21), (7, 21), (0, 21), (0, 0), (5, 0), (6, 0), (7, 0)]",248,4.878282500796611,241.94756554307116,11.80288575099105,0.11660460800000028,20.148923951232184,0.09447771567415729,0.01903624308204732
267,"[(0, 0), (1, 0), (6, 0), (4, 0), (3, 21), (5, 21), (6, 21), (2, 21)]","[(8, 21), (4, 21), (5, 21), (2, 21), (0, 0), (8, 0), (5, 0), (1, 0)]",264,4.89911620468539,242.02985074626866,11.85732363808631,0.1200119449999999,20.158364197869425,0.09457299264925371,0.019064368291060844
268,"[(3, 0), (4, 0), (2, 0), (6, 0), (8, 21), (7, 21), (1, 21), (4, 21)]","[(3, 21), (0, 21), (7, 21), (4, 21), (6, 0), (7, 0), (5, 0), (4, 0)]",232,4.897255113040614,241.99256505576207,11.850993265371443,0.08510438799999998,20.137578687208066,0.09453779337546467,0.01903762253013437
269,"[(7, 0), (0, 0), (5, 0), (6, 0), (3, 21), (2, 21), (5, 21), (4, 21)]","[(5, 21), (0, 21), (7, 21), (4, 21), (3, 0), (5, 0), (8, 0), (2, 0)]",232,4.895357885412174,241.95555555555555,11.844590368081723,0.08236047599999985,20.125077090679213,0.09449269219999998,0.019016727150308218
270,"[(7, 0), (3, 0), (8, 0), (0, 0), (5, 21), (3, 21), (8, 21), (1, 21)]","[(2, 21), (6, 21), (0, 21), (8, 21), (2, 0), (4, 0), (7, 0), (8, 0)]",240,4.88670899090911,241.94833948339485,11.823311258890353,0.09114181500000029,20.091691454380943,0.09448032733948336,0.018982695854138122
271,"[(1, 0), (3, 0), (2, 0), (0, 0), (4, 21), (5, 21), (3, 21), (0, 21)]","[(6, 21), (4, 21), (7, 21), (0, 21), (7, 0), (3, 0), (1, 0), (8, 0)]",248,4.879617550307878,241.97058823529412,11.807239290112623,0.12639658799999953,20.133663938296152,0.09459766653308821,0.01904597627324203
272,"[(3, 0), (1, 0), (2, 0), (4, 0), (3, 21), (8, 21), (7, 21), (0, 21)]","[(5, 21), (6, 21), (8, 21), (1, 21), (1, 0), (3, 0), (8, 0), (2, 0)]",240,4.871066106026999,241.96336996336996,11.786195703286426,0.09207883200000033,20.099359391902777,0.09458844003296701,0.01901167050542048
273,"[(3, 0), (1, 0), (8, 0), (5, 0), (8, 21), (4, 21), (5, 21), (3, 21)]","[(0, 21), (2, 21), (5, 21), (7, 21), (4, 0), (3, 0), (8, 0), (6, 0)]",240,4.862559379882829,241.95620437956205,11.765264111266863,0.09470221199999962,20.06256144263724,0.09458885525912406,0.01897694720424897
274,"[(3, 0), (8, 0), (0, 0), (4, 0), (8, 21), (4, 21), (5, 21), (3, 21)]","[(3, 21), (0, 21), (2, 21), (7, 21), (3, 0), (4, 0), (5, 0), (0, 0)]",264,4.882974294656701,242.03636363636363,11.818573420085455,0.1497664219999999,20.2885096755023,0.09478950095636361,0.019231377072892176
275,"[(6, 0), (7, 0), (5, 0), (2, 0), (5, 21), (2, 21), (6, 21), (0, 21)]","[(2, 21), (8, 21), (4, 21), (6, 21), (2, 0), (1, 0), (8, 0), (5, 0)]",240,4.87453102819233,242.02898550724638,11.797777995769843,0.09355259999999976,20.252831068626325,0.0947850194311594,0.019196649863757347
276,"[(7, 0), (5, 0), (8, 0), (3, 0), (8, 21), (7, 21), (1, 21), (4, 21)]","[(5, 21), (1, 21), (2, 21), (3, 21), (1, 0), (3, 0), (2, 0), (4, 0)]",256,4.87700906817481,242.07942238267148,11.806235381788088,0.14229863300000023,20.401648462278356,0.09495654872202162,0.019372701262178924
277,"[(7, 0), (6, 0), (8, 0), (0, 0), (6, 21), (3, 21), (7, 21), (2, 21)]","[(7, 21), (5, 21), (4, 21), (1, 21), (2, 0), (0, 0), (5, 0), (8, 0)]",248,4.87000254848578,242.10071942446044,11.790311205873632,0.09748691800000042,20.363594711506508,0.09496565076978415,0.019338420237903504
278,"[(3, 0), (7, 0), (0, 0), (6, 0), (5, 21), (0, 21), (3, 21), (8, 21)]","[(7, 21), (0, 21), (2, 21), (3, 21), (1, 0), (4, 0), (6, 0), (0, 0)]",248,4.863022935598801,242.12186379928315,11.774441768658429,0.07515767000000029,20.3804876196785,0.09489465442293904,0.019339993296403787
279,"[(8, 0), (2, 0), (5, 0), (7, 0), (6, 21), (7, 21), (1, 21), (3, 21)]","[(7, 21), (2, 21), (6, 21), (0, 21), (8, 0), (6, 0), (7, 0), (0, 0)]",232,4.861458730555427,242.0857142857143,11.768897092570324,0.0870424200000004,20.356064748893495,0.09486661072857142,0.01931110870498874
280,"[(7, 0), (2, 0), (8, 0), (6, 0), (2, 21), (8, 21), (6, 21), (1, 21)]","[(4, 21), (6, 21), (7, 21), (2, 21), (3, 0), (4, 0), (5, 0), (0, 0)]",224,4.874445833057838,242.02135231316726,11.79719972293941,0.07066621400000006,20.395030162558164,0.09478048832028468,0.01933050918114198
281,"[(6, 0), (0, 0), (1, 0), (8, 0), (4, 21), (1, 21), (5, 21), (3, 21)]","[(6, 21), (7, 21), (8, 21), (0, 21), (7, 0), (8, 0), (3, 0), (4, 0)]",232,4.872732456148725,241.98581560283688,11.79132137615564,0.08179838299999975,20.385012213747814,0.09473445248581558,0.019311629709860625
282,"[(6, 0), (4, 0), (2, 0), (7, 0), (0, 21), (8, 21), (3, 21), (5, 21)]","[(4, 21), (1, 21), (8, 21), (7, 21), (8, 0), (5, 0), (3, 0), (4, 0)]",248,4.86592363644508,242.00706713780917,11.77587908172617,0.10813990499999981,20.356102710729914,0.09478182157597172,0.01929388495110557
283,"[(1, 0), (4, 0), (6, 0), (2, 0), (6, 21), (8, 21), (4, 21), (3, 21)]","[(2, 21), (3, 21), (1, 21), (0, 21), (0, 0), (5, 0), (6, 0), (7, 0)]",232,4.864229207283141,241.9718309859155,11.770064476214698,0.09386266100000018,20.321007986330887,0.09477858509507041,0.019259963846500673
284,"[(3, 0), (4, 0), (6, 0), (1, 0), (5, 21), (1, 21), (4, 21), (0, 21)]","[(6, 21), (2, 21), (7, 21), (8, 21), (3, 0), (6, 0), (1, 0), (7, 0)]",248,4.857497395695872,241.99298245614034,11.754802820573786,0.10528226799999985,20.28801865169762,0.094815440122807,0.019236174176804274
285,"[(1, 0), (3, 0), (5, 0), (8, 0), (0, 21), (7, 21), (4, 21), (5, 21)]","[(6, 21), (5, 21), (3, 21), (7, 21), (5, 0), (6, 0), (7, 0), (0, 0)]",224,4.870085818863691,241.93006993006992,11.782202027231346,0.08298097900000023,20.27476405157007,0.09477406088811187,0.019215217227156037
286,"[(2, 0), (7, 0), (3, 0), (6, 0), (5, 21), (8, 21), (1, 21), (4, 21)]","[(3, 21), (5, 21), (8, 21), (7, 21), (8, 0), (3, 0), (6, 0), (7, 0)]",224,4.882429862358055,241.86759581881532,11.809015725625322,0.0667121169999998,20.335454152297597,0.09467628408013935,0.019252852342215767
287,"[(5, 0), (4, 0), (3, 0), (8, 0), (5, 21), (2, 21), (4, 21), (7, 21)]","[(7, 21), (0, 21), (6, 21), (8, 21), (8, 0), (6, 0), (5, 0), (3, 0)]",232,4.880542019670631,241.83333333333334,11.802777450903475,0.10258498099999969,20.30017690039977,0.09470374483333331,0.019225027732469868
288,"[(8, 0), (4, 0), (2, 0), (6, 0), (0, 21), (6, 21), (8, 21), (1, 21)]","[(2, 21), (0, 21), (8, 21), (6, 21), (6, 0), (0, 0), (2, 0), (3, 0)]",256,4.883229726852581,241.88235294117646,11.811670962834008,0.11693436000000013,20.295366241371006,0.09478066737716262,0.019236083570210803
289,"[(5, 0), (6, 0), (2, 0), (7, 0), (3, 21), (0, 21), (8, 21), (2, 21)]","[(7, 21), (5, 21), (4, 21), (8, 21), (6, 0), (3, 0), (1, 0), (0, 0)]",232,4.8813706331341935,241.84827586206896,11.805510714672405,0.06794756900000021,20.348066356826084,0.09468813945172412,0.019267205447680843
290,"[(8, 0), (7, 0), (4, 0), (6, 0), (4, 21), (3, 21), (5, 21), (0, 21)]","[(5, 21), (4, 21), (0, 21), (8, 21), (0, 0), (4, 0), (8, 0), (5, 0)]",240,4.873309387243543,241.84192439862542,11.785705204008645,0.115416293,20.33812998440141,0.09475937021993126,0.01927228388772978
291,"[(1, 0), (8, 0), (4, 0), (0, 0), (6, 21), (4, 21), (7, 21), (5, 21)]","[(3, 21), (5, 21), (2, 21), (1, 21), (7, 0), (2, 0), (6, 0), (3, 0)]",264,4.892779232071834,241.91780821917808,11.836504279231313,0.0908506090000003,20.307573343672487,0.09474598405136986,0.019240610201416174
292,"[(5, 0), (1, 0), (2, 0), (4, 0), (7, 21), (2, 21), (1, 21), (4, 21)]","[(5, 21), (2, 21), (8, 21), (4, 21), (8, 0), (2, 0), (1, 0), (7, 0)]",232,4.890955428345632,241.8839590443686,11.83043662517787,0.0798940220000004,20.304354886614906,0.09469529476109213,0.0192272687092182
293,"[(5, 0), (6, 0), (2, 0), (7, 0), (1, 21), (6, 21), (8, 21), (7, 21)]","[(4, 21), (8, 21), (1, 21), (6, 21), (8, 0), (0, 0), (2, 0), (3, 0)]",240,4.882970327965743,241.87755102040816,11.810809046336733,0.08171806799999981,20.2949518957381,0.09465115453401358,0.01920940628143879
294,"[(6, 0), (7, 0), (3, 0), (5, 0), (1, 21), (6, 21), (0, 21), (2, 21)]","[(4, 21), (6, 21), (2, 21), (1, 21), (0, 0), (7, 0), (4, 0), (6, 0)]",264,4.9020684805771,241.95254237288137,11.860679317615968,0.1383910179999992,20.40582661542135,0.0947994252576271,0.01934460635048734
295,"[(1, 0), (5, 0), (0, 0), (6, 0), (5, 21), (6, 21), (8, 21), (1, 21)]","[(6, 21), (7, 21), (3, 21), (8, 21), (8, 0), (2, 0), (1, 0), (0, 0)]",240,4.894138408452731,241.94594594594594,11.841169468234822,0.07684165499999995,20.414024782378203,0.09473875711486486,0.019339993355945606
296,"[(5, 0), (0, 0), (2, 0), (3, 0), (1, 21), (3, 21), (5, 21), (7, 21)]","[(7, 21), (4, 21), (8, 21), (6, 21), (3, 0), (8, 0), (5, 0), (2, 0)]",256,4.896507812465321,241.993265993266,11.849219175000256,0.1134712380000007,20.398210812490166,0.09480182944107741,0.01933787702348834
297,"[(6, 0), (1, 0), (5, 0), (8, 0), (4, 21), (0, 21), (8, 21), (7, 21)]","[(8, 21), (0, 21), (5, 21), (4, 21), (4, 0), (5, 0), (6, 0), (0, 0)]",256,4.8987809226704115,242.04026845637583,11.85702249632119,0.10541555299999938,20.36659545675869,0.09483744596308723,0.019315158960824103
298,"[(2, 0), (0, 0), (3, 0), (4, 0), (2, 21), (8, 21), (3, 21), (5, 21)]","[(6, 21), (3, 21), (5, 21), (0, 21), (0, 0), (6, 0), (1, 0), (8, 0)]",232,4.8971220763626535,242.0066889632107,11.851362991491692,0.08108311700000037,20.359618632378787,0.09479144486287625,0.019299176670203217
299,"[(5, 0), (7, 0), (2, 0), (6, 0), (8, 21), (7, 21), (6, 21), (2, 21)]","[(0, 21), (1, 21), (5, 21), (7, 21), (6, 0), (8, 0), (3, 0), (4, 0)]",224,4.908945160098566,241.94666666666666,11.877029183353143,0.06769962799999973,20.411750509619658,0.09470113880666667,0.019330160182985404
